Date,GLD,SPY
2017-01-04,0.0035241475629946054,0.005931846261196755
2017-01-05,0.015395946803090798,-0.0007949965443067367
2017-01-06,-0.007399862806678017,0.0035716645290050633
2017-01-09,0.008198942430912352,-0.003306465735191092
2017-01-10,0.004251209640407789,0.0
2017-01-11,0.003088451356458922,0.0028222207008494
2017-01-12,0.0036058581395100996,-0.002513287029252524
2017-01-13,0.002630155985373185,0.0022930839937134384
2017-01-17,0.014257386660884261,-0.003529781239761467
2017-01-18,-0.008495159639561354,0.0022076215064410405
2017-01-19,-0.0008709816243124942,-0.003711389922163594
2017-01-20,0.0024367465635149513,0.003667238579749553
2017-01-23,0.006411370524106662,-0.0026055798995280924
2017-01-24,-0.00450104004040464,0.00639138411497125
2017-01-25,-0.00827564253844338,0.008618216128934495
2017-01-26,-0.00931545140516917,-0.001046064893026366
2017-01-27,0.002028628943019752,-0.0015709979758397473
2017-01-30,0.004220558088409409,-0.006221027396758361
2017-01-31,0.013768096552717091,-8.776178899942126e-05
2017-02-01,-0.003033641360264487,0.00039544815377682635
2017-02-02,0.005540175253055282,0.0006588103266743148
2017-02-03,0.002500332582847749,0.006869104550834946
2017-02-06,0.013428758731216857,-0.0017891704147334573
2017-02-07,-0.002041146037959061,4.357501427848196e-05
2017-02-08,0.006195677380773958,0.0013095974610025484
2017-02-09,-0.0076440113416854985,0.005914706945411024
2017-02-10,0.0026395141502793757,0.003938789509423412
2017-02-13,-0.00682592596717586,0.005427646008635863
2017-02-14,0.0011123712399388251,0.003987593040366417
2017-02-15,0.0044372173593291335,0.005206999728779765
2017-02-16,0.005349691237603948,-0.0008521359362008927
2017-02-17,-0.0033932974726115484,0.0015752024987872796
2017-02-21,0.0005946540100771037,0.005937589775832371
2017-02-22,0.0013579197505681978,-0.0008883232094117396
2017-02-23,0.00869753215772035,0.0006770880314249583
2017-02-24,0.006369402264058673,0.0012677845746432526
2017-02-27,-0.004857175635850916,0.0015614748789186926
2017-02-28,0.0009230175401251751,-0.0027026173406861542
2017-03-01,-0.0014268817535848305,0.013900515358192584
2017-03-02,-0.012508578672613836,-0.006317282754297436
2017-03-03,-0.0005955140219629334,0.0006291508224619499
2017-03-06,-0.006745539852068352,-0.0029823590853757177
2017-03-07,-0.008086086565359004,-0.002991131427970816
2017-03-08,-0.006238117890961693,-0.0018585412321651168
2017-03-09,-0.005140919622256575,0.0012675888562608227
2017-03-10,0.0021815968976861885,0.003498073210779406
2017-03-13,0.00017429306368713733,0.0005049212132552251
2017-03-14,-0.005418130142925278,-0.003834168392162664
2017-03-15,0.018492494054676123,0.008616144971278144
2017-03-16,0.004120559955210867,-0.0019689933569636137
2017-03-17,0.0022248383768926597,-0.0017574831518820699
2017-03-20,0.004435011725417898,-0.0010973015138636601
2017-03-21,0.008727009558066982,-0.012922976882403264
2017-03-22,0.0024434516279076965,0.002350518560893078
2017-03-23,-0.001347399463717088,-0.0010678962714605344
2017-03-24,0.0015998188263156232,-0.0007265722777438836
2017-03-27,0.005621040603803889,-0.0010265470232872199
2017-03-28,-0.0041077969016607725,0.007250307272871699
2017-03-29,0.0024332009503229184,0.0009345012408301866
2017-03-30,-0.007233005455458062,0.0031789722048705237
2017-03-31,0.002108015430704589,-0.002330351958620979
2017-04-03,0.005292550298656713,-0.0017406150383974946
2017-04-04,0.0022597345773738855,0.0006370819151228572
2017-04-05,0.0,-0.0029769511262886347
2017-04-06,-0.003685116697841802,0.002807171864261239
2017-04-07,0.002346621760815808,-0.0010199528538029287
2017-04-10,0.0,0.0005952294106280849
2017-04-11,0.014378002485395934,-0.0011905893599379407
2017-04-12,0.006825356086692966,-0.004391684270505093
2017-04-13,0.0047420728437496,-0.006515891080112361
2017-04-17,-0.0029407031136137306,0.008820832735661137
2017-04-18,0.004733558474010278,-0.002988667078712425
2017-04-19,-0.008914361418128501,-0.0018404661359156258
2017-04-20,0.001887609614885789,0.0081064651895224
2017-04-21,0.002865670925194773,-0.0031921986986242113
2017-04-24,-0.006809117727285548,0.01093784641959908
2017-04-25,-0.010176758825308857,0.005801841652289007
2017-04-26,0.004894417227160271,-0.0006290276593970185
2017-04-27,-0.003730858335881937,0.0008383704847817804
2017-04-28,0.003151414614046289,-0.0021813448735627516
2017-05-01,-0.009149943206636764,0.0025168198720192723
2017-05-02,-0.00016711217732273407,0.00037703603301930547
2017-05-03,-0.014055680078894413,-0.0012154931255227272
2017-05-04,-0.010137688898777003,0.0011735990856861806
2017-05-05,0.0018819613581217375,0.003929143534263574
2017-05-08,-0.0022245229386793674,-0.00016693645002426486
2017-05-09,-0.006013737531638919,-0.0009182091977410111
2017-05-10,-8.619187440805963e-05,0.0017942416649888784
2017-05-11,0.003956305862795571,-0.002044928710062249
2017-05-12,0.0028286293961141936,-0.0016724143132074516
2017-05-15,0.00264989304932151,0.005508371150109562
2017-05-16,0.004344332691827055,-0.0009157624208171366
2017-05-17,0.018026089242991115,-0.017903597645779624
2017-05-18,-0.008214659464641129,0.004020724160509362
2017-05-19,0.0049536558166890015,0.006483053970499291
2017-05-22,0.004178861021674379,0.00506431727653255
2017-05-23,-0.006358807682167539,0.00221064694010323
2017-05-24,0.003937188086656905,0.0023298404313780285
2017-05-25,-0.0010874337201151904,0.004768100373353926
2017-05-26,0.008832634206008617,-0.00020682402474515702
2017-05-30,-0.0033239313084347183,-0.000869288187802748
2017-05-31,0.003987406451696997,-0.0002482577096369667
2017-06-01,0.0008286937780719529,0.007920902591413544
2017-06-02,0.007345383440385594,0.003322664001908214
2017-06-05,0.0009862969865506888,-0.0007373123921700094
2017-06-06,0.011191515796581182,-0.0032020869254877618
2017-06-07,-0.005294262319270497,0.0018485618791895739
2017-06-08,-0.006554676702975053,0.0004922196844969314
2017-06-09,-0.009166426122606205,-0.0015186964968616316
2017-06-12,-0.0014943988172197275,-0.00020534975107527824
2017-06-13,0.0009965350816834196,0.00487797160496052
2017-06-14,-0.005493177805750778,-0.0012686538964784462
2017-06-15,-0.00418165701990386,-0.0019260165544204462
2017-06-16,0.00016757431865917162,0.00021839158071382063
2017-06-19,-0.00765446009733337,0.008290716762429666
2017-06-20,-0.0021131828104241023,-0.00676719034477334
2017-06-21,0.002872805881766109,-0.00024666758118162155
2017-06-22,0.0033692883509404193,-0.0004528134726753888
2017-06-23,0.004279445503073095,0.001193423870208169
2017-06-26,-0.00899959554685728,0.0006575172416891787
2017-06-27,0.003794725232620457,-0.008088637367636596
2017-06-28,0.000757258608664271,0.008910553993499758
2017-06-29,-0.004890000706728738,-0.008827410936995128
2017-06-30,-0.002538742638049931,0.0018625017682523779
2017-07-03,-0.01648835238074312,0.001694301361843755
2017-07-05,0.0036971824767883434,0.0023095481039537694
2017-07-06,-0.0004291636859008885,-0.009186877793311477
2017-07-07,-0.010269798493159019,0.006464248033799482
2017-07-10,0.0016468254331296226,0.0010733837816356959
2017-07-11,0.0012982088742114774,-0.0007428615430371964
2017-07-12,0.0035397924292921755,0.007486493265518319
2017-07-13,-0.0018115086761426493,0.0016789689975386989
2017-07-14,0.008168900176639902,0.004653230441290432
2017-07-17,0.004443348999716993,-0.00012218766575520514
2017-07-18,0.006966890452323186,0.000529253610832259
2017-07-19,-0.0002540224323477312,0.005399586398031888
2017-07-20,0.00135406277392805,0.0004448534967516601
2017-07-21,0.008589562474350264,-0.0008902586633326025
2017-07-24,0.0004191258176561492,-0.00024336639227429216
2017-07-25,-0.0032741446924645485,0.0024280383151455477
2017-07-26,0.008040236804836134,4.072560033330194e-05
2017-07-27,-0.0007510021513585564,-0.0009303973014011768
2017-07-28,0.00748507747253413,-0.00117383433420255
2017-07-31,0.0004969976741389874,-0.0005670526042460298
2017-08-01,-0.0008284878144892227,0.002226177080808054
2017-08-02,-0.002074259170059369,0.00048533705951826485
2017-08-03,0.0015767861990997622,-0.0019418438635831286
2017-08-04,-0.007825504639997654,0.0018205846193581681
2017-08-07,-0.0011707593535363761,0.0018574362269502256
2017-08-08,0.0029243323685439523,-0.002463811845789532
2017-08-09,0.012024832535234332,-4.0824237115108954e-05
2017-08-10,0.007391636301004261,-0.014215585233279697
2017-08-11,0.004734717669981235,0.0014755416357248705
2017-08-14,-0.007110509708619983,0.00986431392174756
2017-08-15,-0.007739806493235807,-0.00012134775074733359
2017-08-16,0.007329654945785988,0.0017426505205558347
2017-08-17,0.005074451187161252,-0.015713448706330364
2017-08-18,-0.0015523089133794997,-0.0015646840071273844
2017-08-21,0.003754179507042542,0.0007825401882710803
2017-08-22,-0.004490378194735464,0.010402905968561811
2017-08-23,0.003756939159508119,-0.003592100906815319
2017-08-24,-0.003102527430184758,-0.002333064653025251
2017-08-25,0.0036729988686282277,0.0023330646530252447
2017-08-28,0.015762397031869272,4.127326450608281e-05
2017-08-29,-0.002167752218151974,0.0011439765110305518
2017-08-30,-0.0004823342716563527,0.004726290809546637
2017-08-31,0.011671721617894353,0.005998034308280078
2017-09-01,0.0019056530015576626,0.0014133675992421266
2017-09-05,0.011044617985341777,-0.00720797209149119
2017-09-06,-0.005112698708954078,0.003407854534442643
2017-09-07,0.010355527635419215,-0.00012124152181871144
2017-09-08,-0.0012495406412696415,-0.0011755455628299067
2017-09-11,-0.014007143976598416,0.01060932904271302
2017-09-12,0.0029277577169540335,0.0033649220471098132
2017-09-13,-0.007534611170577271,0.00047983004100822497
2017-09-14,0.004369098124020519,-0.0003199076637766951
2017-09-15,-0.005006207576558888,0.0013453378549962921
2017-09-18,-0.009364174007229185,0.002124747705887678
2017-09-19,0.002088539057238403,0.0010005867614050177
2017-09-20,-0.008056762706663206,0.0003598995739721778
2017-09-21,-0.007633024715442955,-0.0026828988474257207
2017-09-22,0.0045543146609353605,0.00020044842127588846
2017-09-25,0.01041298453601274,-0.0020468524970950128
2017-09-26,-0.011224726404076811,0.0006024750930245817
2017-09-27,-0.009464790137827282,0.0038870075413330995
2017-09-28,0.0018837445698112896,0.0011989865719189876
2017-09-29,-0.0051683715774128456,0.0035087475701760453
2017-10-02,-0.006684614889873803,0.004329402352162421
2017-10-03,0.0004967317019956395,0.002137659806362013
2017-10-04,0.0028098889387879367,0.0011858765473836484
2017-10-05,-0.005378816723625571,0.005907765328254895
2017-10-06,0.0047183541150492775,-0.001139604997723641
2017-10-09,0.008142542011554031,-0.0016524827626448056
2017-10-10,0.002617800009600174,0.002634923926438987
2017-10-11,0.0031812040839063376,0.0015697783681230197
2017-10-12,0.0008140547013934963,-0.0014912274851444016
2017-10-13,0.007539254296557061,0.0012166480868852424
2017-10-16,-0.006888462515220647,0.001332596166216267
2017-10-17,-0.006854404417199568,0.0007047458084767234
2017-10-18,-0.0037735819439878113,0.0009780772391902175
2017-10-19,0.005900215657301968,0.00027382072279151943
2017-10-20,-0.006393454395473306,0.005147238520156525
2017-10-23,0.0015611723194451613,-0.003897109401516333
2017-10-24,-0.0038662591759729935,0.001755741479799184
2017-10-25,0.0001647984431062872,-0.004962514368897856
2017-10-26,-0.008440935931398883,0.0012917341333016287
2017-10-27,0.0047257865747334146,0.008143090644222431
2017-10-30,0.0019005561122998722,-0.003732066279790909
2017-10-31,-0.0038047944426046506,0.0015564953876107577
2017-11-01,0.0036396966611634005,0.001321540711896609
2017-11-02,0.0006603535530684753,0.0003881142359586562
2017-11-03,-0.0047144513322975885,0.0033331791590895782
2017-11-06,0.008502950979344039,0.0015465338248196391
2017-11-07,-0.0036235108435323914,-0.000695405766716535
2017-11-08,0.003459056119704665,0.0016992811478495971
2017-11-09,0.004102401645100611,-0.0036343202446254656
2017-11-10,-0.008221702339946372,-0.0003099432567453979
2017-11-13,0.0014849063034307734,0.0009294071879369425
2017-11-14,0.002058715307154061,-0.0023253418750968503
2017-11-15,-0.001234670245587114,-0.005017721697015597
2017-11-16,-8.238652462762423e-05,0.008465209168014555
2017-11-17,0.011954609509226865,-0.0029432088269879327
2017-11-20,-0.012696268046166224,0.0017050859318303057
2017-11-21,0.001647348843739489,0.006521292406789311
2017-11-22,0.009175087875408043,-0.0008849363412011518
2017-11-24,-0.0025311102507151856,0.0023071902217896146
2017-11-27,0.004160741332319787,-0.0004993016790080634
2017-11-28,-0.00016287471547679085,0.010093870940558941
2017-11-29,-0.006289558392421287,-0.0006089601976567337
2017-11-30,-0.007732229391441411,0.008716558160844086
2017-12-01,0.0040380612309282235,-0.0020776642174970433
2017-12-04,-0.003377653154607993,-0.001210502383949168
2017-12-05,-0.007122188370048705,-0.0036031505452256835
2017-12-06,-0.002079954164184071,0.00018987318429738748
2017-12-07,-0.013246352701112026,0.003148179644812054
2017-12-08,-8.43525069872456e-05,0.005438341128345544
2017-12-11,-0.003974813553107367,0.003008490026342621
2017-12-12,0.0011856318079057743,0.0017634619763426305
2017-12-13,0.008596013189973703,-0.00011243388495538912
2017-12-14,-0.002015942432484809,-0.004094720019993202
2017-12-15,0.00209987057429634,0.008292891907538995
2017-12-18,0.004604277886820867,0.006321221449251931
2017-12-19,0.0007513783425439744,-0.0038478572395354784
2017-12-20,0.0026671102328525206,-0.0005242381958286076
2017-12-21,0.0014140004111240193,0.002057895834660937
2017-12-22,0.005222850279184247,-0.0002617153667124343
2017-12-26,0.006839416919106556,-0.0011972676518594732
2017-12-27,0.003770551302149118,0.0004867366937319768
2017-12-28,0.0050595432932777126,0.0020551488454905293
2017-12-29,0.006490919761210391,-0.003777451459822916
2018-01-02,0.012058023762451863,0.0071316541744218176
2018-01-03,-0.0026403330092135157,0.006305374727877625
2018-01-04,0.005114278310262769,0.004205919381345779
2018-01-05,-0.001036702137934486,0.006641889483590166
2018-01-08,-0.0001596255390370604,0.0018270790043172188
2018-01-09,-0.004639219643041588,0.002260823183548658
2018-01-10,0.002402270692406848,-0.0015312658431946972
2018-01-11,0.003273877321212141,0.007270079717266692
2018-01-12,0.012044492942167013,0.006497613615133259
2018-01-16,0.001652690627169873,-0.0034245372108645533
2018-01-17,-0.008132363237354055,0.009487087283933196
2018-01-18,-0.002222213448585594,-0.0016823986776730098
2018-01-19,0.0044394996120163946,0.0045391902997913465
2018-01-22,0.0018177059354296304,0.008097866573935245
2018-01-23,0.004961985943158681,0.0021202146729038373
2018-01-24,0.012104345577545294,-0.0003882231223173837
2018-01-25,-0.006697849027902464,0.00042386372927571866
2018-01-26,0.0007811756386790387,0.011511534938212904
2018-01-29,-0.005637857183470335,-0.00665240078447733
2018-01-30,-0.004328123373076199,-0.010310096864109147
2018-01-31,0.00668108957049156,0.0004967772765895049
2018-02-01,0.0032848909860550284,-0.0011358713021832423
2018-02-02,-0.013204686797240324,-0.02201037274047957
2018-02-05,0.0025286437555192493,-0.042722228521622226
2018-02-06,-0.01055189964568088,0.019510721187600832
2018-02-07,-0.004716772083453344,-0.005439622263017465
2018-02-08,0.001521419504394612,-0.03823046949520686
2018-02-09,-0.0016817358427458674,0.014909762878937121
2018-02-12,0.0047973715177869495,0.014577941385016335
2018-02-13,0.005647253596785453,0.00248412651842616
2018-02-14,0.0169088525197643,0.01340592092580741
2018-02-15,0.0011691607653979673,0.01267946506397633
2018-02-16,-0.0032769459911664296,0.0002928255019320808
2018-02-20,-0.013532867750937797,-0.006280545217535929
2018-02-21,-0.004604964057785746,-0.00498693250872792
2018-02-22,0.005080177401414419,0.0012954072889212152
2018-02-23,-0.0012676571223934087,0.015813603372166984
2018-02-26,0.0024545525850455277,0.011545287305754716
2018-02-27,-0.010493774054732095,-0.012565238720119103
2018-02-28,-0.0010394376248337527,-0.010181784474343454
2018-03-01,-0.0022425027652310265,-0.014647698379462013
2018-03-02,0.005357640797750738,0.00514202149089827
2018-03-05,-0.0016761714003699012,0.011491832822227386
2018-03-06,0.010726720619181963,0.002531681130120556
2018-03-07,-0.006422202914569186,-0.00036652810531991915
2018-03-08,-0.002389131123572836,0.00482765207396153
2018-03-09,0.000956349666608725,0.017252208477161194
2018-03-12,0.0,-0.001255603621069724
2018-03-13,0.001909899228192024,-0.006483509046008439
2018-03-14,-0.0006362480921955626,-0.005145133723997373
2018-03-15,-0.0063846619697597,-0.0010897473569202326
2018-03-16,-0.002404835241203122,0.0010833416576063496
2018-03-19,0.0021646240154515875,-0.013622884674568904
2018-03-20,-0.0044947919586221805,0.0016996820393088098
2018-03-21,0.017305793278474,-0.001921124946400432
2018-03-22,-0.0039610286020946425,-0.025315030706080675
2018-03-23,0.01285555168848731,-0.021544945693772084
2018-03-26,0.005236622780197456,0.026991374085847352
2018-03-27,-0.006177451915059315,-0.017157805181506895
2018-03-28,-0.013901136089334824,-0.002959541011596398
2018-03-29,0.0004770798243684067,0.012696762774960499
2018-04-02,0.01161839746199109,-0.021820906132004582
2018-04-03,-0.0075722010717776825,0.012735469178548018
2018-04-04,0.0011868954626521053,0.010642113656808014
2018-04-05,-0.005153580456720969,0.007861274482878539
2018-04-06,0.004678991304775993,-0.022538032017380076
2018-04-09,0.0033963960355940744,0.004916423464797015
2018-04-10,0.002362787969159084,0.015775378436598635
2018-04-11,0.007757730797944395,-0.005256253033166162
2018-04-12,-0.011698777825105413,0.00819334429797555
2018-04-13,0.00653361006986455,-0.0029370912648093426
2018-04-16,0.0014113245973425364,0.008187798173421922
2018-04-17,0.000939797609092718,0.010641555902295563
2018-04-18,0.0007824607184664891,0.0007399877027627392
2018-04-19,-0.001957330849889553,-0.0055628210382560215
2018-04-20,-0.007630932179694891,-0.008515679432454359
2018-04-23,-0.008007927882251619,-0.00014979320136757708
2018-04-24,0.004844167468111617,-0.013558919074414158
2018-04-25,-0.006517267321502421,0.002468449470339004
2018-04-26,-0.0035146807713917604,0.010114682273864261
2018-04-27,0.0042320403061771,0.0009380609688080301
2018-04-30,-0.00727744165435215,-0.007720103053382173
2018-05-01,-0.007088207443339079,0.0017751820333204702
2018-05-02,-0.00048510316641562344,-0.006740041679932253
2018-05-03,0.005082068394914099,-0.0022063013515758348
2018-05-04,0.0020898820929316714,0.012863575943507692
2018-05-07,0.00024084765259023235,0.0033775221693155694
2018-05-08,0.0001605124693187213,0.0
2018-05-09,-0.002088981225264128,0.00961914093013131
2018-05-10,0.006813368242228766,0.009306965387054231
2018-05-11,-0.0014389666321499815,0.0030470095511433088
2018-05-14,-0.0040883630684626394,0.0004765075018630489
2018-05-15,-0.016277595476396185,-0.0069109740436796175
2018-05-16,-0.0015524980696371136,0.004196287831946894
2018-05-17,0.0005722435830601718,-0.0008449783602523639
2018-05-18,0.00040857173330558584,-0.0025033053827627073
2018-05-21,0.0005716827532715196,0.0074905016985548165
2018-05-22,-0.0005716827532715781,-0.0027837641574558225
2018-05-23,0.0010614187645907496,0.00274716522620993
2018-05-24,0.00853209120176816,-0.0020508603088539436
2018-05-25,-0.0030793967645780895,-0.002385438442424495
2018-05-29,-0.00016231041385129715,-0.011567625139837407
2018-05-30,0.001460093554237964,0.01325675866490609
2018-05-31,-0.0021909715513725716,-0.006145327868035648
2018-06-01,-0.004967644235411557,0.009770057386871903
2018-06-04,-0.0009801121170807511,0.00474019332748194
2018-06-05,0.003914822104047846,0.0007271258449655392
2018-06-06,0.0005696358194504353,0.008325841732849254
2018-06-07,-0.0004882216623280107,-0.00010814350392758423
2018-06-08,0.0012201695433653895,0.0029522374955959912
2018-06-11,0.0017868849442266759,0.0013291706877057766
2018-06-12,-0.003332688774722517,0.0012916604393267124
2018-06-13,0.003008032375587246,-0.0031961134164984104
2018-06-14,0.0015411027282310494,0.002514412579308197
2018-06-15,-0.016672509186741995,-0.0012765819756773177
2018-06-18,-0.0018972637609840908,-0.002058882109284058
2018-06-19,-0.0025629178089953803,-0.0038401390666623946
2018-06-20,-0.0044802273887545,0.0017045184548664994
2018-06-21,-0.0017477352868705306,-0.006288577203825034
2018-06-22,0.0024126912728642744,0.0018214201841582134
2018-06-25,-0.003746388732216758,-0.013706406110223454
2018-06-26,-0.0052686490212925504,0.002211733091307205
2018-06-27,-0.005718147886604777,-0.00831880277568265
2018-06-28,-0.003040547998821346,0.005701499228792961
2018-06-29,0.0036306900201949913,0.0014384308826331533
2018-07-02,-0.010080153442110952,0.0021354243365020427
2018-07-03,0.010080153442110855,-0.003536897839216869
2018-07-05,0.0033656028250155126,0.008124527786936715
2018-07-06,-0.0015972634935638506,0.008422806263857805
2018-07-09,0.002436881277559937,0.008964093409055868
2018-07-10,-0.0018481290459546572,0.0035919268750873746
2018-07-11,-0.010905978807671088,-0.007341374377996807
2018-07-12,0.0041565812124297165,0.009025314998283419
2018-07-13,-0.004411618657356192,0.0007867376538939285
2018-07-16,-0.0005102701051305093,-0.0008941294035739604
2018-07-17,-0.010862735754725461,0.0040367998356249536
2018-07-18,0.00025795416772476286,0.002101391790827605
2018-07-19,-0.004308123245285948,-0.0037786617374932128
2018-07-20,0.006455244826308788,-0.0011430573261731617
2018-07-23,-0.004815949835095058,0.0018576082350317523
2018-07-24,0.00034477603659500224,0.0050189013291697115
2018-07-25,0.00550018047205447,0.008486557460445963
2018-07-26,-0.00782971239395345,-0.0023620540283623473
2018-07-27,0.0005181795313150905,-0.006799412606362624
2018-07-30,-0.001555212880989931,-0.005237092198208146
2018-07-31,0.0029355602050311473,0.0049174125112393064
2018-08-01,-0.007355188129705078,-0.0016721994295837352
2018-08-02,-0.0053993230298752665,0.0054329698095516256
2018-08-03,0.003486767260953241,0.00427616454521073
2018-08-06,-0.005147198608389075,0.0036596568039568853
2018-08-07,0.002271488910587502,0.0032972443638449827
2018-08-08,0.002788736658924094,-0.00042011167710871803
2018-08-09,-0.0014805645831976347,-0.0013674701554231266
2018-08-10,-0.00043582289228197795,-0.006722712772307218
2018-08-13,-0.015199092023381782,-0.0037501607729173575
2018-08-14,0.000973327608104041,0.006360173452640465
2018-08-15,-0.016766621575930757,-0.007495385802692337
2018-08-16,-0.0008097887609237462,0.008058974885117214
2018-08-17,0.009228205066865915,0.0035142913828910788
2018-08-20,0.0049818196508907165,0.002137804507743517
2018-08-21,0.0029240568705197916,0.0023423310581060924
2018-08-22,0.0022095550764809732,-0.0005937847887025279
2018-08-23,-0.009491353686729823,-0.0013289233670753602
2018-08-24,0.017318039357996126,0.00600007547323135
2018-08-27,0.0037595032326643405,0.007864802880026524
2018-08-28,-0.007973022006627225,0.00048285767507823436
2018-08-29,0.0045637840256251986,0.005366447165181416
2018-08-30,-0.004915718883921124,-0.004056619472021343
2018-08-31,-0.0011445940280617694,3.4604497466033186e-05
2018-09-04,-0.005122797149079999,-0.0017240035445134348
2018-09-05,0.003447511831347845,-0.0026949674328439915
2018-09-06,0.0019395335367870974,-0.0030148890668072886
2018-09-07,-0.0027340278330774677,-0.0019452444933010045
2018-09-10,-0.000706792407982718,0.0017373591158129009
2018-09-11,0.0006184538252070439,0.0032921677128795405
2018-09-12,0.008355710260063364,0.00024183052660720398
2018-09-13,-0.0035975648169408914,0.00589716271207472
2018-09-14,-0.006526220333750846,0.0001719880305757157
2018-09-17,0.005206771454576303,-0.005308696821130246
2018-09-18,-0.0014974516487718237,0.005411710441059754
2018-09-19,0.0038711539862427546,0.0010652267069847323
2018-09-20,0.0034188014897895418,0.008070905105404513
2018-09-21,-0.0068493312914384265,-0.0009138055188355731
2018-09-24,-0.00017621292914007548,-0.003327523186147268
2018-09-25,0.0015850681638403528,-0.0009281391067845403
2018-09-26,-0.005293338005935142,-0.002996687829993941
2018-09-27,-0.008884998236125718,0.0027901741482570333
2018-09-28,0.0063164577082286105,0.00010308606580209552
2018-10-01,-0.0016864375351172442,0.003468316372187731
2018-10-02,0.011482223287117932,-0.0005828176401065277
2018-10-03,-0.003959744500981412,0.0005484197666873069
2018-10-04,0.0005289130805079614,-0.007846172521749238
2018-10-05,0.0028159089867124108,-0.0056124738455297744
2018-10-08,-0.011133826368821452,0.0
2018-10-09,0.0005329800140063239,-0.0014606338813133585
2018-10-10,0.0024835810584159217,-0.03217544512472138
2018-10-11,0.025366544894876334,-0.0222724289934345
2018-10-12,-0.0047616679491750925,0.013792258759589941
2018-10-15,0.006660030947980057,-0.005632443175040476
2018-10-16,-0.0017255996137757622,0.021630418740072387
2018-10-17,-8.637796161615032e-05,0.00017806781497473056
2018-10-18,0.001122068685606197,-0.01454648357358973
2018-10-19,0.0007761304849288288,-0.0005426856811274168
2018-10-22,-0.0025893597255193914,-0.004498808588511482
2018-10-23,0.005859562733875961,-0.005103589620401142
2018-10-24,0.0023171370069294235,-0.030767247743811905
2018-10-25,-0.002231204310531111,0.017781337994531105
2018-10-26,0.0031736109331066205,-0.01774377479395922
2018-10-29,-0.003947139978932357,-0.00555574399057646
2018-10-30,-0.004394427867848015,0.014709775470333919
2018-10-31,-0.005628951974666804,0.010624289115975783
2018-11-01,0.01277086763550321,0.010585542428019186
2018-11-02,0.0001715043948444399,-0.005940459971140165
2018-11-05,-0.0024032178261358607,0.005501971594416127
2018-11-06,-0.002839826579174042,0.006307580348067895
2018-11-07,-8.61993040877103e-05,0.02118315323777246
2018-11-08,-0.002156939731312277,-0.0018168809543564282
2018-11-09,-0.011291663536045476,-0.00981626124792873
2018-11-12,-0.007188596482678694,-0.018861652673351187
2018-11-13,0.00035180582721631255,-0.001872941618989762
2018-11-14,0.008233404279793029,-0.0068599145227363385
2018-11-15,0.0011333182475063862,0.010382168517149327
2018-11-16,0.0073788789662288,0.002597755835718448
2018-11-19,0.0004323180677422659,-0.01705927754724012
2018-11-20,0.0,-0.01867996875272743
2018-11-21,0.001641277459165227,0.003402014022311846
2018-11-23,-0.0007771357154266267,-0.006701214117055459
2018-11-26,-0.0011235233509469095,0.01601551910661415
2018-11-27,-0.005984687209490868,0.0033586538578684565
2018-11-28,0.00373378036345705,0.02276427092044205
2018-11-29,0.003115272664463216,-0.002187426052010155
2018-11-30,-0.001729479411524255,0.006076694204728865
2018-12-03,0.007501675441848404,0.013154502213270762
2018-12-04,0.006080599945141696,-0.03293902928532433
2018-12-06,0.00017072178718187972,-0.001518038968611995
2018-12-07,0.008077219150826301,-0.02351043259856305
2018-12-10,-0.003477935715567025,0.0018951497273323387
2018-12-11,-0.0011903699128753065,0.00022732928447377493
2018-12-12,0.00212467676965701,0.0050228014395810915
2018-12-13,-0.0022097759847801487,-0.00033917585223366617
2018-12-14,-0.004007006751401848,-0.018637380308403808
2018-12-17,0.0068957425332182515,-0.019813351576827124
2018-12-18,0.0023726710074086807,-0.001096956659051477
2018-12-19,-0.0061126025718981495,-0.015089038871800256
2018-12-20,0.015295836918707156,-0.01641183708928666
2018-12-21,-0.004370461193212718,-0.020702545969648028
2018-12-24,0.01089057789030817,-0.02677826785941799
2018-12-26,-0.003003949025405859,0.04928974326263508
2018-12-27,0.0075760760319352385,0.007648386246714206
2018-12-28,0.004055775698519239,-0.0012910377953709673
2018-12-31,0.0015682595209626012,0.00872069006527978
2019-01-02,0.000659591337713554,0.0010397873593405345
2019-01-03,0.00902531942317299,-0.024151853973785945
2019-01-04,-0.008119106827353268,0.03294693411752801
2019-01-07,0.0034525160778516237,0.007853761572490245
2019-01-08,-0.0027117139907279018,0.009351358050014257
2019-01-09,0.006397649700215412,0.00466265605693563
2019-01-10,-0.005904086348646452,0.003521448962648817
2019-01-11,0.0017256811414607263,0.0003859508944076579
2019-01-14,0.002378067354322114,-0.00611946412905995
2019-01-15,-0.0017215161032263467,0.011395565762041635
2019-01-16,0.0031947551186356582,0.0024170000344807493
2019-01-17,-0.0013094038577051105,0.007557913453780404
2019-01-18,-0.008966489387798326,0.013222364386903364
2019-01-22,0.0035468368649853345,-0.013602537232343675
2019-01-23,-0.0014007184915951448,0.002090227136017033
2019-01-24,-0.0015678713054947328,0.0005312579411171896
2019-01-25,0.014511460180241248,0.00842545146498414
2019-01-28,0.0034938106026215594,-0.007628900389737947
2019-01-29,0.005580978043920208,-0.00132780901636316
2019-01-30,0.005710387238117351,0.01570673386611099
2019-01-31,0.00048105804332541224,0.00874388808735444
2019-02-01,-0.002006018726865743,0.00048180235605015413
2019-02-04,-0.0043467903708823,0.007010676721597373
2019-02-05,0.0025781491687657575,0.0041830218477032725
2019-02-06,-0.006781846869660092,-0.0013190714576626576
2019-02-07,0.0024273450059934865,-0.0095785723919305
2019-02-08,0.003791101346321012,0.001220794097020781
2019-02-11,-0.004923141507008373,0.000554448314157331
2019-02-12,0.0021013677593768472,0.012777268764246995
2019-02-13,-0.003963908091330168,0.003242009556500497
2019-02-14,0.005577307519395154,-0.002220749005146868
2019-02-15,0.005947180522781207,0.01083854079230073
2019-02-19,0.015109582852092095,0.0017287636748181722
2019-02-20,-0.0017378437981698566,0.0020135881253901034
2019-02-21,-0.011370537714508392,-0.0035624665709031865
2019-02-22,0.0035920768439101198,0.006180989100561685
2019-02-25,-0.0010363715360959395,0.001360172337409409
2019-02-26,0.0016736332310033522,-0.0007156623421320398
2019-02-27,-0.00711234367844341,-0.0004296676849077865
2019-02-28,-0.005629776625606553,-0.0018642528167055008
2019-03-01,-0.017163968380321165,0.006224405880638162
2019-03-04,-0.0026289836177433583,-0.003644426171807557
2019-03-05,0.0013153870929190252,-0.0013606963866375792
2019-03-06,-0.0009041270457165541,-0.006075486193586543
2019-03-07,-0.0008226265106168819,-0.00840043497145631
2019-03-08,0.010886084259377201,-0.002001910808035223
2019-03-11,-0.004896357818091546,0.014397175673216998
2019-03-12,0.006035459879402026,0.003763511632647488
2019-03-13,0.006968612448215201,0.006597711819789314
2019-03-14,-0.011614284265949192,-0.0006402429872285777
2019-03-15,0.00456433710702197,0.0049285112517228145
2019-03-18,0.0005690800870331783,0.0036193767032603468
2019-03-19,0.0027594883221057557,0.00024791300629895837
2019-03-20,0.006463126873942885,-0.003014598250852395
2019-03-21,-0.004034541087699915,0.011231387398240918
2019-03-22,0.0023420233902432335,-0.01943399044987038
2019-03-25,0.007633907060241407,-0.000752076202586179
2019-03-26,-0.0049754946888428755,0.007426449400999015
2019-03-27,-0.005243016760484571,-0.005243010137831874
2019-03-28,-0.014253957303041619,0.0037834529317084357
2019-03-29,0.0009019770912032663,0.006285639222482688
2019-04-01,-0.003941890257643701,0.011789154091491581
2019-04-02,0.003695988550420936,0.0004899318282127774
2019-04-03,-0.0014767440573913667,0.0015722808726256017
2019-04-04,0.0025419025120261784,0.0026498884665780366
2019-04-05,-0.001065158454634802,0.004828512324052521
2019-04-08,0.004335552354601057,0.0007624619145754564
2019-04-09,0.005210460213684454,-0.0051382685913592754
2019-04-10,0.0030808947099307334,0.003405358075946771
2019-04-11,-0.012872932029622242,-0.00027766179413239657
2019-04-12,-0.0009844542413608548,0.006743184943212488
2019-04-15,-0.0018896884121835308,-0.0006552768773357581
2019-04-16,-0.009004202217837268,0.0006552768773356268
2019-04-17,-0.0019104067944000637,-0.0024499927095167485
2019-04-18,0.0007480072379889946,0.001967486912386387
2019-04-22,0.0,0.0008614292968941891
2019-04-23,-0.0020790892290242957,0.008951578070744442
2019-04-24,0.002909503431152912,-0.002221867196276697
2019-04-25,0.0008297251865102907,-0.0006163914995747327
2019-04-26,0.006613259149985578,0.00464605810139636
2019-04-29,-0.004459139554905491,0.001566588185941268
2019-04-30,0.003057434262503009,0.000510198903008015
2019-05-01,-0.0066225029075604345,-0.00754498324682245
2019-05-02,-0.003827907452540267,-0.0021613337746053413
2019-05-03,0.005902166622599615,0.009740673395271005
2019-05-06,0.0013252386046357174,-0.0041238316113523035
2019-05-07,0.0033055276063594123,-0.016840810953463427
2019-05-08,-0.002478073455137969,-0.0013901137678000853
2019-05-09,0.002395550981643927,-0.0030302069274795586
2019-05-10,0.0018959191232165698,0.005010818761295728
2019-05-13,0.010159840539079522,-0.025451790377659433
2019-05-14,-0.0017133695443152437,0.00900319538899591
2019-05-15,-0.0005717761663673002,0.005840460704139048
2019-05-16,-0.007216080906090217,0.00921872427383631
2019-05-17,-0.007102776783024275,-0.006486591762024008
2019-05-20,-8.290551782707826e-05,-0.006633640510239414
2019-05-21,-0.0023236423674714048,0.008975168249795532
2019-05-22,-0.0009975291545631813,-0.003076022131974401
2019-05-23,0.007704775453647589,-0.012293969661399567
2019-05-24,0.0010723379767872785,0.002265692452607075
2019-05-28,-0.0038822269155751525,-0.00934387708392696
2019-05-29,0.0003309964016131658,-0.006733375427015083
2019-05-30,0.006761236816409685,0.0027276346793031385
2019-05-31,0.013386857013473643,-0.013567247476025385
2019-06-03,0.014329650783140814,-0.0025458376258271523
2019-06-04,0.00031967486235552026,0.021474360688880402
2019-06-05,0.002553665830468566,0.008624635101597633
2019-06-06,0.0032623544765036684,0.006482053169178933
2019-06-07,0.005624438342681366,0.009956852919194691
2019-06-10,-0.010003215486538885,0.004578658326538842
2019-06-11,-0.0011975692988471266,-0.00024239270835845478
2019-06-12,0.005179100221238763,-0.0017665747046733034
2019-06-13,0.0061006935016299476,0.0041173968810054515
2019-06-14,-0.0003160129284807664,-0.0011053404214200477
2019-06-17,-0.0006322652864021801,0.00037986873674104404
2019-06-18,0.005047324392238259,0.01041698891924086
2019-06-19,0.006038970838080658,0.002254700785569791
2019-06-20,0.024866155493817887,0.009508922525995075
2019-06-21,0.00661369341666817,-0.0014548307744438396
2019-06-24,0.014741593126273352,-0.0012251795289799448
2019-06-25,0.0019392450876947497,-0.009856430850588618
2019-06-26,-0.009207653748305768,-0.000998056435490906
2019-06-27,-0.0009781791081800058,0.0035400021670382196
2019-06-28,0.0027063662544696662,0.005132636686520527
2019-07-01,-0.019559428102497136,0.009037337201026903
2019-07-02,0.02113481354805423,0.002600706381816654
2019-07-03,0.0016477026920105947,0.007963776848900825
2019-07-05,-0.011212861349998495,-0.0011390208254110786
2019-07-08,-0.006453396174434407,-0.005509604154255199
2019-07-09,0.0034976216131429347,0.0012455486101512583
2019-07-10,0.015664164068756106,0.004766794207738267
2019-07-11,-0.008479433149487648,0.0023415420548337537
2019-07-12,0.006235244213343071,0.00446688219695152
2019-07-15,0.0,0.0003326341338670317
2019-07-16,-0.008498565150237166,-0.003230388183536443
2019-07-17,0.01633123396202252,-0.0068282496124629005
2019-07-18,0.01401922107283276,0.0036540000220530214
2019-07-19,-0.01483691752503857,-0.005570529643036666
2019-07-22,-0.0001487748968767623,0.0024535522156498416
2019-07-23,-0.005668654760058427,0.007124400274318676
2019-07-24,0.005073447292028362,0.00468876630398682
2019-07-25,-0.007095118991376651,-0.004788504239841714
2019-07-26,0.00164757936404381,0.0066780223476923745
2019-07-29,0.006637600502192369,-0.0018231567961363424
2019-07-30,0.0033393742390960437,-0.002457970817512187
2019-07-31,-0.013199706898717264,-0.011000482862631961
2019-08-01,0.0237382025873749,-0.008746099468365737
2019-08-02,-0.003819352910475418,-0.007557795985409024
2019-08-05,0.013885007839557597,-0.0305342949909796
2019-08-06,0.008095529492025941,0.013925124849930935
2019-08-07,0.01507548681526026,0.000590474735004951
2019-08-08,0.005022054446004403,0.019430025970120033
2019-08-09,-0.003321683939870917,-0.006834453441026112
2019-08-12,0.009651773675578623,-0.01224817755596343
2019-08-13,-0.005977346952418699,0.015431826126132236
2019-08-14,0.00681829671908825,-0.030013755669807844
2019-08-15,0.006632923311853109,0.0026386057175470396
2019-08-16,-0.00642279632319684,0.014647264437442058
2019-08-19,-0.011765243129746363,0.011975650633076953
2019-08-20,0.007765153200510364,-0.007691778116616167
2019-08-21,-0.0031694374885161206,0.008102168649380627
2019-08-22,-0.002542737809443374,-0.00030769085958224496
2019-08-23,0.0194004358255685,-0.026023318188664837
2019-08-26,0.00013874512727632068,0.010997886810289046
2019-08-27,0.009525229640210546,-0.003931593185228072
2019-08-28,-0.002820513317677276,0.007016944039367813
2019-08-29,-0.007190355573252848,0.012692123271843844
2019-08-30,-0.0025705723222454796,-0.0004443518880255536
2019-09-03,0.013817145553141903,-0.005864111827705375
2019-09-04,0.006224182405113975,0.011286489137612413
2019-09-05,-0.02429383958928248,0.012773343787083743
2019-09-06,-0.008559662387184017,0.0007716509514512728
2019-09-09,-0.0037414803722944866,0.0005035427694551966
2019-09-10,-0.008594766463448816,-0.00023465434288400097
2019-09-11,0.0060453662250154515,0.007085776283474489
2019-09-12,0.0020542492696135994,0.00345758684631165
2019-09-13,-0.008313640257218174,-0.0006639626915619174
2019-09-16,0.008313640257218249,-0.0030936564617105727
2019-09-17,0.001979350045407386,0.002528695549394212
2019-09-18,-0.006305141849164153,0.0005982365158305717
2019-09-19,0.004042645700960864,-6.644064566452817e-05
2019-09-20,0.011751169204553406,-0.004736346494584092
2019-09-23,0.005580782257567522,-0.00023429857420693935
2019-09-24,0.00527299162043293,-0.007877953710412031
2019-09-25,-0.018719501081169466,0.005897240298325769
2019-09-26,-0.0002821278180384957,-0.0020852646934683963
2019-09-27,-0.005161727926224835,-0.005401906792794324
2019-09-30,-0.015647105922203676,0.004627253778185822
2019-10-01,0.005457893373498284,-0.011965912756002877
2019-10-02,0.011606023170116823,-0.017823296558296904
2019-10-03,0.004520416059329575,0.008160060440962225
2019-10-04,0.0,0.013441004566712472
2019-10-07,-0.00856363541098911,-0.004323901897597134
2019-10-08,0.00870459991703739,-0.01564651961286307
2019-10-09,0.0009156241246349503,0.0094517747688241
2019-10-10,-0.008767683192965708,0.006740878292258276
2019-10-11,-0.005554769940672898,0.010313487592505666
2019-10-14,0.003991150393420187,-0.0011143684368803072
2019-10-15,-0.0069950016712766044,0.009851427262516529
2019-10-16,0.005713914835703777,-0.0016075520852337005
2019-10-17,0.0014233647353723328,0.002945188942328479
2019-10-18,-0.001067306413452129,-0.004386841957968616
2019-10-21,-0.004781550075213642,0.006756375933602444
2019-10-22,0.0029287043785159624,-0.00327213623412442
2019-10-23,0.002351027592914482,0.002905485429979482
2019-10-24,0.007090719694468963,0.0016321584143749656
2019-10-25,0.0023289599557340403,0.004086921930411143
2019-10-28,-0.008637230479381003,0.00562068651171136
2019-10-29,-0.002776885194246242,-0.00029686339215921224
2019-10-30,0.005475210184932403,0.003062723373338594
2019-10-31,0.009948844935468628,-0.002666557328459075
2019-11-01,0.0009123470738276627,0.009220950911535521
2019-11-04,-0.0028801514371747305,0.004009828205857193
2019-11-05,-0.016312331868591004,-0.0011070577745155483
2019-11-06,0.004281068530555171,0.00022822259060191426
2019-11-07,-0.015643205521891117,0.0035103903255593117
2019-11-08,-0.0063847338065501705,0.002462928538440569
2019-11-11,-0.0024048241483873045,-0.001911420557288563
2019-11-12,0.002695874927586959,0.002105416066537979
2019-11-13,0.003994072881030811,0.0003240001397113939
2019-11-14,0.004194711040663475,0.0014547569029082527
2019-11-15,-0.0025291110010524226,0.007210007436376202
2019-11-18,0.002962025072169786,0.0007374564739470645
2019-11-19,0.0005049030061831341,-0.0002883512240847558
2019-11-20,0.0005045382424530197,-0.0037256753503624946
2019-11-21,-0.005492097356825017,-0.0016104997306205784
2019-11-22,-0.0018857951599790925,0.002221665983899594
2019-11-25,-0.004803179633254922,0.007720103070986103
2019-11-26,0.004803179633255016,0.0022633273711466975
2019-11-27,-0.005314014225370608,0.004447379289357107
2019-11-29,0.006184806112979683,-0.0037155108283334595
2019-12-02,-0.0005079436043828876,-0.008530773904294619
2019-12-03,0.009534253178573626,-0.006729128588016888
2019-12-04,-0.0013667767637935283,0.006151424718113185
2019-12-05,0.0005757184354598549,0.0017960391922101895
2019-12-06,-0.009977704836757457,0.009092632501085827
2019-12-09,-0.0002906488870483782,-0.0031489285978712886
2019-12-10,0.002830699660654389,-0.001115893066455074
2019-12-11,0.006861935627691577,0.002834555093897046
2019-12-12,-0.0035334849047766476,0.008582100703209396
2019-12-13,0.004468872836715887,0.0005991241193735047
2019-12-16,-7.198939739749056e-05,0.0068464964037220945
2019-12-17,-0.00021577975709612248,0.00021910664485604833
2019-12-18,7.200493236905694e-05,6.262300107181473e-05
2019-12-19,0.0025862126377012157,0.004090577652973081
2019-12-20,0.0010039397404910592,0.004374871274565298
2019-12-23,0.003077203372165587,0.0015262434296040707
2019-12-24,0.009387789011397068,3.1102425473414626e-05
2019-12-26,0.00782659080315549,0.005309082857695907
2019-12-27,-0.0003512560225688557,-0.000247838134398758
2019-12-30,0.0021055808220621446,-0.005528297595037123
2019-12-31,0.001891143454574884,0.0024264205064287395
2020-01-02,0.007320953634035891,0.00930869378629855
2020-01-03,0.013181265882528811,-0.007601341715878538
2020-01-06,0.010434868967011986,0.0038079962911425156
2020-01-07,0.003927428056507489,-0.0028157330439029515
2020-01-08,-0.007529802584635164,0.005315366933749019
2020-01-09,-0.0056676844863565315,0.0067575870272505965
2020-01-10,0.006008107616788398,-0.002881667184927254
2020-01-13,-0.007447144703816297,0.006853805812981165
2020-01-14,-0.0008919411826434922,-0.001525918109223997
2020-01-15,0.005817289492435278,0.0022571063754663646
2020-01-16,-0.0015707412123407796,0.008284369846091133
2020-01-17,0.0018437252860089575,0.0031072767110244606
2020-01-21,0.0010909837309721073,-0.0019597638709633685
2020-01-22,0.0003405975107135845,0.00012061904118862391
2020-01-23,0.002245598875511729,0.0011461597924469194
2020-01-24,0.0058285535187767275,-0.008932940971461517
2020-01-27,0.006802125843070944,-0.016159267022150793
2020-01-28,-0.00896686803661793,0.010424622569226823
2020-01-29,0.005403248480831511,-0.0008259609016712385
2020-01-30,6.731894098032181e-05,0.0032398984941117105
2020-01-31,0.005775708477189364,-0.018325042659677333
2020-02-03,-0.006516877595597702,0.00740129050545517
2020-02-04,-0.013094308186782415,0.015126556324946706
2020-02-05,0.0012285555646719122,0.01148156201265021
2020-02-06,0.005373934234125879,0.0033591613545332637
2020-02-07,0.002642363450658169,-0.005344037433699382
2020-02-10,0.0025679490647931946,0.007437461704690344
2020-02-11,-0.0034478924308700464,0.0017319075708680215
2020-02-12,-0.000813078481224605,0.006421978194273978
2020-02-13,0.005677303718111386,-0.0010676015093401268
2020-02-14,0.0041697222765956264,0.0016008271839823617
2020-02-18,0.012737350951843347,-0.002580159225788767
2020-02-19,0.005814285510176441,0.0047696768676442555
2020-02-20,0.0040763395182913265,-0.004116748176608487
2020-02-21,0.014913455926308593,-0.010351552694623971
2020-02-24,0.008945002656717951,-0.03372795347178573
2020-02-25,-0.01803593472393269,-0.030770729052641138
2020-02-26,0.004360980385151266,-0.003684962287316576
2020-02-27,0.00019481624361363943,-0.04595147442677069
2020-02-28,-0.03717601874476565,-0.004210475858453157
2020-03-02,0.005511083646655957,0.042395433830741604
2020-03-03,0.030950390194086085,-0.029050284480719266
2020-03-04,0.001752990351755443,0.04117313526860247
2020-03-05,0.021370951204574475,-0.03380667542113726
2020-03-06,0.0003808885074389379,-0.016669055692133193
2020-03-09,0.0016488747161249012,-0.08131259541923613
2020-03-10,-0.02132715182628954,0.05045043240238366
2020-03-11,-0.0035667044227174947,-0.049976618991799955
2020-03-12,-0.04070560424243849,-0.10056890166223051
2020-03-13,-0.03099155256530076,0.08202812308135884
2020-03-16,-0.011512126298224866,-0.11588641312258878
2020-03-17,0.01346442633870517,0.05258482420116315
2020-03-18,-0.02012310684271081,-0.0519597134617062
2020-03-19,-0.019086492837834465,0.0021226106603394104
2020-03-20,0.014884383146683595,-0.044050251553625644
2020-03-23,0.043231496146295734,-0.025900624017597122
2020-03-24,0.047389520259250466,0.08673091265418183
2020-03-25,-0.013784208180364264,0.014858975629104237
2020-03-26,0.012740714714697083,0.056748999166488075
2020-03-27,-0.006481449089244015,-0.0302384166752005
2020-03-30,0.004390990264267052,0.03195958929429364
2020-03-31,-0.032364821693651916,-0.015017550273558944
2020-04-01,0.009411793149400162,-0.04604914884888893
2020-04-02,0.01626050111056189,0.022813214904218778
2020-04-03,0.004925309776577716,-0.014559750521437325
2020-04-06,0.02733353381543522,0.06500685787482154
2020-04-07,-0.005368871400719198,0.001019003324097428
2020-04-08,-0.008947881947437637,0.03301715895312442
2020-04-09,0.025788169295063085,0.015102746453722967
2020-04-13,0.01699510551392902,-0.009172048752644942
2020-04-14,0.007837301543346824,0.029066394925112735
2020-04-15,-0.005115017933585634,-0.02147722464468745
2020-04-16,-0.0008653689753940822,0.004812909360997045
2020-04-17,-0.019608466717140425,0.026657171194191403
2020-04-20,0.007100853720992193,-0.01777518593246942
2020-04-21,-0.006848673348053854,-0.030833996106149106
2020-04-22,0.019479888950845802,0.021952010844427165
2020-04-23,0.009905643795524405,-7.188931895088158e-05
2020-04-24,-0.004294729942651925,0.013842825205395244
2020-04-27,-0.00666258998355511,0.014315044831215408
2020-04-28,-0.004466516323334757,-0.004609081162836017
2020-04-29,0.005518192454017435,0.025841695264826537
2020-04-30,-0.018282683683788697,-0.009354028486779171
2020-05-01,0.0061522933833428935,-0.0268302101332238
2020-05-04,0.003498676361159418,0.0027544224908781115
2020-05-05,0.004232069630406605,0.009196758344494845
2020-05-06,-0.012938939248234135,-0.006801480302823534
2020-05-07,0.015234124108560072,0.011994546899860506
2020-05-08,-0.006028427741239837,0.01641089116182552
2020-05-11,-0.006253147010599243,0.00020523545179936003
2020-05-12,0.0038815245238018456,-0.020133263886609135
2020-05-13,0.009576645345897673,-0.017844444058612293
2020-05-14,0.008811127536123346,0.011896829667349142
2020-05-15,0.005627947839551041,0.0045861864339045546
2020-05-18,-0.007592898231851983,0.030004939301400985
2020-05-19,0.009603940342589153,-0.01032407148792719
2020-05-20,0.0023714668825757603,0.01684517518067204
2020-05-21,-0.014683616168536867,-0.006927912720490185
2020-05-22,0.005899400714775776,0.0018975881586905453
2020-05-26,-0.014316858429627,0.012245274179091695
2020-05-27,0.001800809585778032,0.014769173434167815
2020-05-28,0.0033447448656947374,-0.0018465282299280823
2020-05-29,0.007331471236597383,0.004446058231721954
2020-06-01,0.004593203918142176,0.004033339210093998
2020-06-02,-0.006497892824854574,0.008246055235947146
2020-06-03,-0.01862251139241922,0.013220852798488936
2020-06-04,0.010471254055873179,-0.0026305432522779407
2020-06-05,-0.02048368991541374,0.025306812960473726
2020-06-08,0.010764002439043798,0.012014722374372318
2020-06-09,0.009595645355064148,-0.0074843598211944955
2020-06-10,0.014223142854853236,-0.005595485563125485
2020-06-11,-0.007240232329265166,-0.059377568610713936
2020-06-12,0.0014153150353447643,0.011904477599647263
2020-06-15,-0.0017848491512042477,0.009291888160856382
2020-06-16,-0.0004929560183834836,0.019065170442017804
2020-06-17,0.0019087937874243815,-0.004162307902241831
2020-06-18,-0.0019703951105462295,0.00038437929351826217
2020-06-19,0.010972576221366465,-0.005730742451557101
2020-06-22,0.006441427074830093,0.006394534761704369
2020-06-23,0.008384398864595731,0.004592736172288469
2020-06-24,-0.0034899960158010397,-0.025839344147385344
2020-06-25,-0.0006028992986150158,0.010663428406548468
2020-06-26,0.0044532193863769335,-0.02403790162757915
2020-06-29,0.0005403343600226875,0.014590408710470605
2020-06-30,0.004431086497931087,0.01272823458272614
2020-07-01,-0.004491160110102202,0.006980097725330126
2020-07-02,0.0021582779375089872,0.005492095786024276
2020-07-06,0.005970880083946397,0.015319627223590046
2020-07-07,0.0062904343270385864,-0.010367636738502961
2020-07-08,0.006192353605402356,0.007619723558462253
2020-07-09,-0.002708063902871328,-0.005709290191391253
2020-07-10,-0.0025972650920347735,0.010158860578304613
2020-07-13,0.0012403879870823364,-0.008696729020736938
2020-07-14,0.004652728164010819,0.01287566480141512
2020-07-15,0.0008809438623464781,0.009145407084160227
2020-07-16,-0.009496639325154646,-0.003298782373302684
2020-07-17,0.008204262794308569,0.0028942525972786293
2020-07-20,0.004808590336846309,0.00804940027797659
2020-07-21,0.011978962477666387,0.002125223226371236
2020-07-22,0.015087942737564556,0.005676072218181971
2020-07-23,0.008786586410813348,-0.012003179796629765
2020-07-24,0.008542281441677423,-0.0064613860813375
2020-07-27,0.019561196964697856,0.0072660552256303525
2020-07-28,0.008306536040413818,-0.006362667532449543
2020-07-29,0.007482169283186,0.012223798280857283
2020-07-30,-0.007427778888433271,-0.0035745188030002124
2020-07-31,0.00904688435302792,0.007871110043347902
2020-08-03,0.0011318982444248418,0.006928376328559207
2020-08-04,0.021054515412853636,0.003854822900850601
2020-08-05,0.009240417270834574,0.0061920220325086695
2020-08-06,0.013186741026147062,0.0066620059747732755
2020-08-07,-0.016012829047696152,0.0007178079402793049
2020-08-10,-0.0034649534714480275,0.0029845632263418975
2020-08-11,-0.0551897267189793,-0.008289051039382333
2020-08-12,-0.004679132411383586,0.013845996652836723
2020-08-13,0.023343474417206588,-0.0018096098047679118
2020-08-14,-0.004318527254207777,2.984776514595539e-05
2020-08-17,0.02146194877539166,0.0031718933608180714
2020-08-18,0.008967673573403242,0.002157723514491195
2020-08-19,-0.03207438281593019,-0.004171917682919744
2020-08-20,0.006890137653281628,0.003108595578969335
2020-08-21,-0.008043165542872153,0.003540957461739522
2020-08-24,-0.005674470685927035,0.01008206439726943
2020-08-25,0.0012147382641175607,0.0034930338038229596
2020-08-26,0.011739667325137685,0.009975913989524746
2020-08-27,-0.011629286747359606,0.002184219885973444
2020-08-28,0.01723092629924,0.00643880905914965
2020-08-31,0.00238341719432408,-0.0036294432381162637
2020-09-01,0.001189581722410416,0.009374645997136728
2020-09-02,-0.013218610873058246,0.014360274556403114
2020-09-03,-0.008137254873336977,-0.03502024264451243
2020-09-04,0.0027564932922231992,-0.008198483903158197
2020-09-08,-0.0019287808618004912,-0.02770278094067918
2020-09-09,0.009661434230238847,0.019554788602285992
2020-09-10,-0.0032283485242562797,-0.01751631867047634
2020-09-11,-5.4861557792618405e-05,0.0005087961888558591
2020-09-14,0.00786160327773618,0.013085567838486517
2020-09-15,-0.0023956152677241513,0.005039569101267586
2020-09-16,0.0028305733071044763,-0.0039763255830419396
2020-09-17,-0.005505121062685115,-0.008834242570084711
2020-09-18,0.001310849171618332,-0.011579455367443045
2020-09-21,-0.020291789448272826,-0.011191927986986885
2020-09-22,-0.004858095828927072,0.010132787867748776
2020-09-23,-0.021843335368817322,-0.02346390413210833
2020-09-24,0.0037119030895910897,0.0026616424443216807
2020-09-25,-0.0028540460781505306,0.016037530805301882
2020-09-28,0.010010290107421884,0.01647320363334498
2020-09-29,0.008397048385655496,-0.005460971465952009
2020-09-30,-0.006022969047958764,0.007553218615708135
2020-10-01,0.008880963695329078,0.006399655495011787
2020-10-02,-0.0008957769408936138,-0.009539719247324028
2020-10-05,0.004861081696310086,0.017577526019562126
2020-10-06,-0.011830479550692698,-0.014317961783052266
2020-10-07,-0.00045132478533539146,0.017256958413918173
2020-10-08,0.0035486272055745486,0.00882339240956172
2020-10-09,0.017998399966815504,0.00889048812883246
2020-10-12,-0.002875813691634357,0.015959478772048168
2020-10-13,-0.01585383405158326,-0.00654740140790205
2020-10-14,0.0030899939936110464,-0.006303081271810429
2020-10-15,0.003639489400711449,-0.0012367321749512565
2020-10-16,-0.0034712263457632483,-0.0006043813245005928
2020-10-19,0.0005046193567768562,-0.015320386606750322
2020-10-20,0.004809318137998378,0.003997739354068869
2020-10-21,0.00750319529892231,-0.0018947494575996904
2020-10-22,-0.009849030639627157,0.005470507601182737
2020-10-23,-0.0010630400237792174,0.0033892745339834836
2020-10-26,-0.0005039129828936211,-0.018652686611840143
2020-10-27,0.002628864176270774,-0.0034532942718149737
2020-10-28,-0.01627516884164325,-0.03477677572481106
2020-10-29,-0.004153341326592121,0.010112209317144325
2020-10-30,0.004550651041840146,-0.010479530853674621
2020-11-02,0.00965812884851217,0.011146132032050175
2020-11-03,0.0056609432999779495,0.01750180895904555
2020-11-04,-0.0005590140649358909,0.022103207131549403
2020-11-05,0.022723771699055755,0.019314820146885688
2020-11-06,0.0014203529597109255,-0.00022847226732477735
2020-11-09,-0.045280856143465276,0.012487614280962366
2020-11-10,0.0033073065556014952,-0.001467745339924638
2020-11-11,-0.00433598220930235,0.007401048046541263
2020-11-12,0.006042387508780373,-0.00974850227154943
2020-11-13,0.006796565090032186,0.013749849965269385
2020-11-16,-5.650286865533134e-05,0.012405037785866258
2020-11-17,-0.0036759204841880807,-0.005392903942640065
2020-11-18,-0.005738783845972931,-0.01210745887680937
2020-11-19,-0.0018822296869570197,0.004201381227383139
2020-11-20,0.003021229432643738,-0.006871531922608532
2020-11-23,-0.019890324232127853,0.005976329029059231
2020-11-24,-0.015447030279527764,0.01598561650089669
2020-11-25,-0.0004718480371509017,-0.0015429857763113982
2020-11-27,-0.010198732236165305,0.002780754254860796
2020-11-30,-0.006697358920117144,-0.004436748518888151
2020-12-01,0.02084085881536413,0.010878128518669367
2020-12-02,0.007493385024315116,0.0021015089121774223
2020-12-03,0.007842668530553789,-0.0002724191802276641
2020-12-04,-0.00283945502654119,0.008580419396345029
2020-12-07,0.014803945459514797,-0.002057061616426501
2020-12-08,0.003481841534737405,0.002921933154134651
2020-12-09,-0.017241806434506103,-0.009009258968356455
2020-12-10,-0.0019148863181888906,-0.00032698376744895257
2020-12-11,0.001856945469586849,-0.0011733847544584983
2020-12-14,-0.005522859199322822,-0.004487288998950402
2020-12-15,0.013893989774039692,0.013428913331788883
2020-12-16,0.005503920929853093,0.0015680031574255402
2020-12-17,0.01046541004295572,0.0055764725973665085
2020-12-18,-0.0016988680965652808,-0.0040007404555679965
2020-12-21,-0.0031789169989821435,-0.0035819551491904
2020-12-22,-0.007934507183398202,-0.001686965318387617
2020-12-23,0.006625879072275585,0.0008981834058176525
2020-12-24,0.003977347328631379,0.0038830394586147625
2020-12-28,-0.003635744312567208,0.008553791308960485
2020-12-29,0.003635744312567162,-0.0019094128766265841
2020-12-30,0.007626026694655132,0.0014258099835435152
2020-12-31,0.0037072651943418997,0.005067952312818053
2021-01-04,0.02201425891234798,-0.013707628888036645
2021-01-05,0.0029572490918935946,0.006863875430308483
2021-01-06,-0.016374384156319522,0.005960647994072617
2021-01-07,-0.0023373497260989994,0.014748223560159047
2021-01-08,-0.03480879472366203,0.005681585017285218
2021-01-11,-0.001963368081678198,-0.006764012087300422
2021-01-12,0.006453094143516468,0.00021131414688717575
2021-01-13,-0.004316677807613859,0.0026894876890114624
2021-01-14,-0.0005192346256867747,-0.0035077150343368418
2021-01-15,-0.012485246085867416,-0.007319753867060109
2021-01-19,0.008437377567923208,0.0078211659233204
2021-01-20,0.016151154600027997,0.013743937159920179
2021-01-21,-0.0006273739671711188,0.0009111464373723679
2021-01-22,-0.007904302060517928,-0.0035456579442017795
2021-01-25,0.0008622455288576803,0.003936113978837122
2021-01-26,-0.002473656951145883,-0.0015620582438231182
2021-01-27,-0.006355778295441206,-0.02474434558016094
2021-01-28,0.000926931727635592,0.008563614280894449
2021-01-29,-0.0004054103376829626,-0.020222488459991653
2021-02-01,0.00934152297824149,0.016508215723135128
2021-02-02,-0.012242430084677477,0.01404107706962249
2021-02-03,-0.0015117720158050482,0.0007860908412473875
2021-02-04,-0.021765636924135134,0.011301651396247977
2021-02-05,0.009823748692690917,0.003928499325892205
2021-02-08,0.01001975221091292,0.007195700942641335
2021-02-09,0.0032595928083516256,-0.0006661082234130487
2021-02-10,0.003654430629279855,-0.0004357143009866992
2021-02-11,-0.008723013798522866,0.0016137057418403869
2021-02-12,-0.003041852351548402,0.004927637219375608
2021-02-16,-0.014457496034195686,-0.0008663940023827795
2021-02-17,-0.011417786234196115,0.00022964544460940593
2021-02-18,-6.0090224343136566e-05,-0.0042650336265984854
2021-02-19,0.004139970385631239,-0.001767629845808004
2021-02-22,0.014858231751961605,-0.007721579559866081
2021-02-23,-0.0023033964742125187,0.0012136874042251637
2021-02-24,-0.0007097783269727351,0.010959133329458495
2021-02-25,-0.018995808065307287,-0.02439097922245695
2021-02-26,-0.024480114534154506,-0.005165881187683536
2021-03-01,-0.0017319159550744983,0.023951084102796453
2021-03-02,0.005433148366520264,-0.007833543567825525
2021-03-03,-0.011082728374520621,-0.013334620721095296
2021-03-04,-0.00988559566723337,-0.012451749403838704
2021-03-05,0.0006286134207733884,0.018229267011536304
2021-03-08,-0.010422315048141234,-0.0049911590454379115
2021-03-09,0.02104806019448947,0.014176565032671146
2021-03-10,0.005085327698430273,0.006205240693990096
2021-03-11,-0.0008663865026826478,0.010088051652390883
2021-03-12,-0.00018574519969141986,0.0013459013687620645
2021-03-15,0.004386867610048303,0.005945999278180508
2021-03-16,0.0009244132771239594,-0.0012624403362732118
2021-03-17,0.0071195808075622735,0.0034040656737455645
2021-03-18,-0.0058269675795917875,-0.014656425542875233
2021-03-19,0.004174394816826358,-0.0018521232653932063
2021-03-22,-0.0014713433816878438,0.007953484417593706
2021-03-23,-0.007327408483150656,-0.007901948371506418
2021-03-24,0.003454859203276189,-0.005096244680739105
2021-03-25,-0.0036402714825327686,0.005609535919625869
2021-03-26,0.002839374216722469,0.015986596156351625
2021-03-29,-0.011967328788777756,-0.0005053956441721646
2021-03-30,-0.01723957501602924,-0.002656452656605467
2021-03-31,0.015053975494509144,0.004045183216690583
2021-04-01,0.012549018493591777,0.010741263967172844
2021-04-05,-0.00037046965366193687,0.014251086527862274
2021-04-06,0.007996616729269289,-0.000590607228840419
2021-04-07,-0.0028223021365765604,0.0011566627147456877
2021-04-08,0.010694635856861524,0.004735526116568789
2021-04-09,-0.007566026934120144,0.007243737104074557
2021-04-12,-0.006082067490100263,0.0003644426429358247
2021-04-13,0.007061488473290135,0.002959310621013799
2021-04-14,-0.0043537794872208335,-0.0034206858543778806
2021-04-15,0.0160335365383925,0.010684931931906198
2021-04-16,0.0060295628147861114,0.003336911819421192
2021-04-19,-0.0027691247303623773,-0.004925418571995245
2021-04-20,0.003550241996940974,-0.007348330965070785
2021-04-21,0.009862362310853667,0.009417511033010122
2021-04-22,-0.00650425423162094,-0.00917482994172718
2021-04-23,-0.0038387727937765547,0.01078374820151072
2021-04-26,0.002640755671589698,0.002085546401449234
2021-04-27,-0.0025205449092440876,-0.00021553920704144762
2021-04-28,0.002940064461277065,-0.0002874058496336321
2021-04-29,-0.004142547462168167,0.006352643404128522
2021-04-30,-0.003374702192485256,-0.006592263451736636
2021-05-03,0.01289485518814097,0.002154594110160407
2021-05-04,-0.007356686965198023,-0.006188568926255518
2021-05-05,0.00413361336698124,0.00031269890568351466
2021-05-06,0.016542002735280385,0.007953831340579734
2021-05-07,0.00895658735382193,0.0072516311463441995
2021-05-10,0.0030259218728549953,-0.009951578329756797
2021-05-11,0.0001742848474817966,-0.008964907890300588
2021-05-12,-0.009983483413452903,-0.021474082949067778
2021-05-13,0.004098917859921596,0.011940936467665492
2021-05-14,0.009074563611959028,0.015238703743162935
2021-05-17,0.011572105937362132,-0.002547957257127152
2021-05-18,0.0019442812059788442,-0.00865286375658311
2021-05-19,0.0006853819629941132,-0.0026253896113412815
2021-05-20,0.004556871795741219,0.010700591120474962
2021-05-21,0.00045446916842239933,-0.0008190573762697228
2021-05-24,0.001759487487714246,0.010142660537878946
2021-05-25,0.009031903514378268,-0.002221123210279846
2021-05-26,-0.0017435678186662285,0.001982437365199653
2021-05-27,0.0003940189892895408,0.0005249559615816178
2021-05-28,0.0037630876338542248,0.0017872757405378043
2021-06-01,-0.0026945732480542135,-0.0008813586780415993
2021-06-02,0.004878526963101577,0.001571405375470787
2021-06-03,-0.019772420864664846,-0.003718366699578617
2021-06-04,0.010725633264657355,0.009104468436161788
2021-06-07,0.003999619209610979,-0.0009707928978377438
2021-06-08,-0.003096867753862795,0.00021292377960952137
2021-06-09,-0.0019193434836643904,-0.0014927331854095855
2021-06-10,0.004285131517665339,0.004637392772236152
2021-06-11,-0.011316177890912231,0.0016512660406705953
2021-06-14,-0.005878166410042197,0.0022365092085349716
2021-06-15,-0.0037848631237422004,-0.0018360170646829113
2021-06-16,-0.01703600368035545,-0.0055989968763242555
2021-06-17,-0.03122282591641038,-0.00033153936407084275
2021-06-18,-0.005562705142465907,-0.013582244327115496
2021-06-21,0.012173251058176099,0.01421449843125324
2021-06-22,-0.00420166857422807,0.00533167483054541
2021-06-23,-0.0006618767987564016,-0.00120568371859991
2021-06-24,-0.0006021199876096117,0.005898188619949411
2021-06-25,0.003306999189259349,0.003545888263698527
2021-06-28,-5.999643961855651e-05,0.002013763586695836
2021-06-29,-0.010561034647227364,0.0005378736755517928
2021-06-30,0.004841763592293601,0.0008414375163248858
2021-07-01,0.0034354496150826534,0.005521237647812829
2021-07-02,0.0065369291506959725,0.0076144603329090605
2021-07-06,0.004949187883217545,-0.0018231049565937594
2021-07-07,0.0037995736126820853,0.0035277713678737673
2021-07-08,-0.0006520293887520076,-0.008181263166693644
2021-07-09,0.0033150614410246745,0.010618097740593985
2021-07-12,-0.0012418718351821449,0.003575568079620169
2021-07-13,0.0013009357869861221,-0.0034149439089613933
2021-07-14,0.010697757313475486,0.001491215340187596
2021-07-15,0.00017546425482688882,-0.0034213067946931987
2021-07-16,-0.009751038308664079,-0.007874466588127356
2021-07-19,0.001179853512608669,-0.014878044354957558
2021-07-20,-0.0012979424872485647,0.014228682115281218
2021-07-21,-0.003726190289074976,0.008063669582768256
2021-07-22,0.0019535411866020086,0.0020918748545099295
2021-07-23,-0.003139340880551927,0.010235445257838805
2021-07-26,-0.0023758261058627853,0.0024518105224298798
2021-07-27,0.0016636888817755746,-0.00456800790221206
2021-07-28,0.0050335632022407,-0.0004100255711086104
2021-07-29,0.011044023020098688,0.004138778391651851
2021-07-30,-0.007918108309762988,-0.004868300936972651
2021-08-02,-0.0012374082182159806,-0.002100318896856152
2021-08-03,-0.0007077270423842932,0.008102710530211431
2021-08-04,0.00023593466942563418,-0.004931132443925129
2021-08-05,-0.003959922253451811,0.006312990987361475
2021-08-06,-0.025308704477345147,0.001650986566353336
2021-08-09,-0.017894816057729707,-0.0008137660101628333
2021-08-10,0.00030914743149373187,0.0012432191325841694
2021-08-11,0.01369082807188368,0.002481811069249843
2021-08-12,0.00024383177142714218,0.00299235079602049
2021-08-13,0.014224167163591615,0.0018179844864592773
2021-08-16,0.004975891262677384,0.002351975011929684
2021-08-17,-0.001496155150116038,-0.006576830698059492
2021-08-18,0.0007783092556947036,-0.011005204767865505
2021-08-19,-0.0029367165231408677,0.0015471913536270288
2021-08-20,0.0005400158455303154,0.007925470857556398
2021-08-23,0.012104007439095057,0.008758140643111253
2021-08-24,-0.0004742535717267673,0.0015861845950800439
2021-08-25,-0.006961609676564189,0.0020960540381594743
2021-08-26,0.001133835388463418,-0.005920596887315062
2021-08-27,0.014917723322635659,0.008901382002838711
2021-08-30,-0.004947859047149437,0.004387793187849186
2021-08-31,0.00200564206756742,-0.0014826848139727147
2021-09-01,5.88968847449306e-05,0.0005311845233881389
2021-09-02,-0.002655242464544409,0.0030721220761269594
2021-09-03,0.010637446088029513,-0.00024298542766074236
2021-09-07,-0.019778020504279115,-0.0035818812405005273
2021-09-08,-0.002507544166051433,-0.0012188823728471266
2021-09-09,0.004413734414974538,-0.004289545239730498
2021-09-10,-0.005071495164425335,-0.007915703948746725
2021-09-13,0.0033441618437189445,0.0025559135166255717
2021-09-14,0.006417907636002404,-0.005410975173129891
2021-09-15,-0.005881528710091136,0.008317733243389577
2021-09-16,-0.022902242747818987,-0.0015863585519292182
2021-09-17,-0.0015862999324902439,-0.009788963696613398
2021-09-20,0.007118755657039398,-0.016814571220576783
2021-09-21,0.00664689654260444,-0.0009452222580370933
2021-09-22,-0.0037409995549623856,0.009707693474689236
2021-09-23,-0.011613566243419594,0.01207672249803378
2021-09-24,-0.0012850982867509395,0.001645846995669908
2021-09-27,0.0020798706668898187,-0.0028651163366490064
2021-09-28,-0.009763940911599527,-0.020357607759080205
2021-09-29,-0.0045149330127863515,0.0016817894786882543
2021-09-30,0.01781698430701417,-0.012297811141475502
2021-10-01,0.0022505110921036547,0.011814126830679705
2021-10-04,0.004667408258473528,-0.01297987530908519
2021-10-05,-0.004667408258473519,0.010351416022191638
2021-10-06,0.002669757352534067,0.004147227304370954
2021-10-07,-0.005285683868044846,0.0086085421419224
2021-10-08,0.00042627404378714777,-0.001825260725266629
2021-10-11,-0.0018893655741350408,-0.007266316251875785
2021-10-12,0.004504271350483098,-0.002464224061342006
2021-10-13,0.01763773443447277,0.003590917812612802
2021-10-14,0.0024434808580754102,0.016680685322694438
2021-10-15,-0.0160204917648545,0.0075870062754229495
2021-10-18,-0.002482990902389477,0.0029560342742985008
2021-10-19,0.003208519186409284,0.007685276106470775
2021-10-20,0.008725778175468667,0.003920222398179076
2021-10-21,-0.0008991093021597419,0.002604922105753596
2021-10-22,0.006098334452755203,-0.001036781924351494
2021-10-25,0.006890365329616705,0.005348679609048001
2021-10-26,-0.007427027125168416,0.0008992635475375595
2021-10-27,0.0026206236403640355,-0.004439949638779321
2021-10-28,-0.00023791366260843256,0.009602691725001616
2021-10-29,-0.008544299301700552,0.0020269347186142967
2021-11-01,0.005207004497418708,0.0017187868959345804
2021-11-02,-0.0021513131388870075,0.004034939221325669
2021-11-03,-0.0083501482773226,0.006086698865455032
2021-11-04,0.011277125295739413,0.004701283186666361
2021-11-05,0.012978359326946427,0.003463715320377015
2021-11-08,0.003585184846901929,0.0008533733542588463
2021-11-09,0.004916006634195484,-0.0033108428175802483
2021-11-10,0.010800248284572371,-0.008077343848726631
2021-11-11,0.005586453042738802,0.00032341129372714163
2021-11-12,0.0018934614978916627,0.007518454081434481
2021-11-15,-0.00154894492430588,0.00034242655231429565
2021-11-16,-0.007260156004477963,0.003949887392385711
2021-11-17,0.009095692432078762,-0.002432028978659356
2021-11-18,-0.0032143154449525086,0.003390739245887085
2021-11-19,-0.007675708262916443,-0.0017899039213174802
2021-11-22,-0.02267561664312034,-0.0028193138015585517
2021-11-23,-0.008690053468478977,0.0013252529361695237
2021-11-24,-0.0009569597921073518,0.002666421569306968
2021-11-26,-0.0016168462526691021,-0.02255565839910283
2021-11-29,-0.0013795005365548109,0.012191907267339305
2021-11-30,-0.006744546424564762,-0.019649398756678788
2021-12-01,0.003980006790395922,-0.011169490088763737
2021-12-02,-0.005552205835401061,0.015200356709822555
2021-12-03,0.008376819081740972,-0.008739594008870675
2021-12-06,-0.0024635953850727986,0.0117737991068591
2021-12-07,0.0035432060613326127,0.020473877211306925
2021-12-08,0.0005393685677794685,0.002644465025378531
2021-12-09,-0.006130129283900702,-0.006774473166479269
2021-12-10,0.004211020685246302,0.009369529446722072
2021-12-13,0.002518126917516811,-0.008897907394428466
2021-12-14,-0.009385206339641532,-0.00690381038058327
2021-12-15,0.004282351988516796,0.015504285431110102
2021-12-16,0.012024970840539904,-0.008857531811726735
2021-12-17,-0.002143116686188639,-0.010700102210788457
2021-12-20,-0.004240244730917084,-0.01069038730573677
2021-12-21,-0.00041897618344674124,0.017603190444137128
2021-12-22,0.00935611880010715,0.009949051231767165
2021-12-23,0.002251481491211197,0.0062027224914260265
2021-12-27,0.002364450476828884,0.014053034969542666
2021-12-28,-0.004319380340024978,-0.0008176072332399519
2021-12-29,-0.0002965516280151311,0.0012784592675149653
2021-12-30,0.007151581744182501,-0.0027684388786481185
2021-12-31,0.006808358432551388,-0.002523406060253194
2022-01-03,-0.015503300973700684,0.00577335335028293
2022-01-04,0.007339514803169255,-0.0003349642636476808
2022-01-05,-0.003012197052209778,-0.019388915776253894
2022-01-06,-0.012319703780209438,-0.0009398366101176611
2022-01-07,0.004540812572282988,-0.003961307083449291
2022-01-10,0.0030355936239956378,-0.0012451964791329133
2022-01-11,0.01199245713664559,0.009067227271937556
2022-01-12,0.0026391371424113854,0.002699658611517729
2022-01-13,-0.003402771341298051,-0.013874325089927945
2022-01-14,-0.002883829150556528,0.00040891678002436167
2022-01-18,-0.0016516182679313014,-0.017868340526399802
2022-01-19,0.015755750605134237,-0.010437615327794067
2022-01-20,-0.0025020112544038944,-0.011130031244873127
2022-01-21,-0.003267771913809988,-0.01982584056910496
2022-01-24,0.005479160681096094,0.004237898407740084
2022-01-25,0.003192034576976311,-0.012284280971430665
2022-01-26,-0.01629856790431354,-0.0025119178685089755
2022-01-27,-0.01298211532059733,-0.004950146981146648
2022-01-28,-0.002987752337666492,0.02453212406460535
2022-01-31,0.005907056331230696,0.017850931742374655
2022-02-01,0.0008325368758188378,0.0067339306345105265
2022-02-02,0.00361943388995412,0.009667295397072765
2022-02-03,-0.0014224174555621005,-0.023785636375065315
2022-02-04,0.0015408910869810946,0.004691147204368968
2022-02-07,0.007375317353577323,-0.0032145705590668947
2022-02-08,0.0030522079460774463,0.008194365603401036
2022-02-09,0.003393414275398407,0.014530029170850889
2022-02-10,-0.0038037857675304026,-0.018129040780530882
2022-02-11,0.018875607865561438,-0.019915652413991493
2022-02-14,0.005336451777182292,-0.003274806375010342
2022-02-15,-0.009545260370239185,0.01599832686211324
2022-02-16,0.01023173130733765,0.0011202012878655046
2022-02-17,0.013575508168976262,-0.021593017802179666
2022-02-18,-0.000733724019731723,-0.00649596310221434
2022-02-22,0.002086858856896338,-0.010789575898126465
2022-02-23,0.004497100140272996,-0.017897984817260938
2022-02-24,-0.006471023453826176,0.014936994000944004
2022-02-25,-0.0033362372759372606,0.02182415115938209
2022-02-28,0.010311993951243732,-0.0025618613604824667
2022-03-01,0.01800043176575384,-0.015347485088783213
2022-03-02,-0.010460864384517259,0.018229081302708817
2022-03-03,0.005935763844875876,-0.004990850342724292
2022-03-04,0.015803608419049087,-0.008157896838644369
2022-03-07,0.014753495270293054,-0.029922568363541496
2022-03-08,0.026991429368426304,-0.0076103806961621496
2022-03-09,-0.030161495266205762,0.026457766545782496
2022-03-10,0.003116366878477797,-0.004525791498474664
2022-03-11,-0.007052696024243029,-0.012796828060582422
2022-03-14,-0.01518847505814139,-0.0073349599307156454
2022-03-15,-0.018882610033681094,0.021752159917561967
2022-03-16,0.006241285995487705,0.021931742644224986
2022-03-17,0.004876733952655098,0.012433394985595467
2022-03-18,-0.008828710707897394,0.010893207854337865
2022-03-21,0.00761175501954624,-0.0002923495473556866
2022-03-22,-0.007277189924242526,0.011633548469243693
2022-03-23,0.013567209576051467,-0.012962137702752851
2022-03-24,0.007234137513108609,0.0149618918124805
2022-03-25,-0.004103860537691329,0.004871841916783796
2022-03-28,-0.018371517706821095,0.007087586622425473
2022-03-29,0.00044668806848975184,0.012294977663087271
2022-03-30,0.008006283379257595,-0.006193869450439509
2022-03-31,0.00038752078804877134,-0.015510942938670343
2022-04-01,-0.00638621587890147,0.0028299656266737826
2022-04-04,0.004835061682683925,0.008530314466653118
2022-04-05,-0.006284549046099261,-0.012711952419721931
2022-04-06,0.0023404756196963713,-0.010049611960902767
2022-04-07,0.0037777415804506904,0.005026285959563282
2022-04-08,0.006246419748615932,-0.002677512844651253
2022-04-11,0.004947206140849894,-0.017240118035857576
2022-04-12,0.007647435301758943,-0.0037121554694925256
2022-04-13,0.004777109287769396,0.011388745402766768
2022-04-14,-0.0033090194372706765,-0.012530113850711016
2022-04-18,0.0030924062818564585,0.00041110147899413166
2022-04-19,-0.015228268112133887,0.01601369947544622
2022-04-20,0.0048830061930919995,-0.0007418234657999331
2022-04-21,-0.003563943502360224,-0.015066425339516281
2022-04-22,-0.009769661352400816,-0.027822573725831298
2022-04-25,-0.018134432520229594,0.005780709698018404
2022-04-26,0.0015238553873300224,-0.029388387630056374
2022-04-27,-0.007585723242633687,0.002807812756757671
2022-04-28,0.0053838047894630165,0.02494578626341789
2022-04-29,-0.00011298334784093811,-0.037655792510759734
2022-05-02,-0.01871452290294498,0.006001248112740544
2022-05-03,0.0026457593569150124,0.004573648886936673
2022-05-04,0.009774616775434711,0.02999840108514818
2022-05-05,-0.0038184194446891804,-0.036189859898381645
2022-05-06,0.0016545049194706565,-0.0059867551029724195
2022-05-09,-0.014585347642546313,-0.03254091177820371
2022-05-10,-0.00848106565352078,0.0023077597707603452
2022-05-11,0.008133958004822058,-0.01601380766782671
2022-05-12,-0.015452706170676834,-0.0010442374552439332
2022-05-13,-0.008142627698810948,0.023626463708610275
2022-05-16,0.009493279652076629,-0.004065866596616706
2022-05-17,-0.006299094085683991,0.020361687643117514
2022-05-18,0.000531343704844183,-0.04114652415610788
2022-05-19,0.014590277160260899,-0.006143614699765768
2022-05-20,0.000697767757192036,0.00043643382577628797
2022-05-23,0.004639589893868967,0.018537423568484965
2022-05-24,0.007493711725538028,-0.0076632853752874285
2022-05-25,-0.006048248796558386,0.008796090986241241
2022-05-26,-0.001850609639927292,0.019784379522071505
2022-05-27,0.0005208853826908474,0.024252689134409106
2022-05-31,-0.009942270255165302,-0.005626838373444029
2022-06-01,0.0063488366174163004,-0.008121124139001193
2022-06-02,0.012234040087981134,0.018864296867126616
2022-06-03,-0.010203900438868029,-0.016547791721812945
2022-06-06,-0.004413447852864014,0.0030402831487540737
2022-06-07,0.006497267812168451,0.009546467363436765
2022-06-08,-0.0009256257836888652,-0.010931740795792422
2022-06-09,-0.0031883338247287547,-0.024070067038492838
2022-06-10,0.013323135228160962,-0.029424622222396578
2022-06-13,-0.02676735882447253,-0.03870757267202693
2022-06-14,-0.008035407203286724,-0.003017782351517921
2022-06-15,0.012966509676610984,0.014155513055623212
2022-06-16,0.011180446816136464,-0.03365606721084504
2022-06-17,-0.008256810144045654,0.002153216313077481
2022-06-21,-0.0037437854344901486,0.02486210738684855
2022-06-22,0.003977268335422712,-0.0018144682631938023
2022-06-23,-0.006148118298448717,0.009754689262974594
2022-06-24,-0.0009989609969459391,0.03129906577295461
2022-06-27,-0.0011176944418580068,-0.003827168917442266
2022-06-28,-0.0016493806069405818,-0.0206444589323814
2022-06-29,-0.0007666517068580592,-0.0008147104151064483
2022-06-30,-0.006095587698335223,-0.008157504403851195
2022-07-01,-0.0008313996785857856,0.010520942346357498
2022-07-05,-0.021437799680384485,0.0018867870747941537
2022-07-06,-0.01596901758740465,0.0033716961648338813
2022-07-07,0.0005548992912700342,0.014865949972974279
2022-07-08,0.00043143823725389326,-0.0008227778976314931
2022-07-11,-0.0053749265251639535,-0.011489271484488538
2022-07-12,-0.0037236489059839332,-0.008888328274625455
2022-07-13,0.004776265963686179,-0.00526569652705792
2022-07-14,-0.014146649261641277,-0.00243136790185089
2022-07-15,-0.0020104758163567997,0.018924681186725602
2022-07-18,0.000942949789432323,-0.008291044125779983
2022-07-19,0.002384623832616704,0.026660639342210923
2022-07-20,-0.009446509339211243,0.006353002132265376
2022-07-21,0.01401179660226555,0.010131606758926446
2022-07-22,0.0024926409954947677,-0.00932137515720148
2022-07-25,-0.0027423043036363935,0.0012141987964938382
2022-07-26,-0.001186514317386386,-0.011901575040626293
2022-07-27,0.010133467249785824,0.025634834271832996
2022-07-28,0.01211168004371747,0.012464447665535993
2022-07-29,0.0028071459585694595,0.014473534639601179
2022-08-01,0.005651232868696488,-0.002965605656988959
2022-08-02,-0.005955990148902209,-0.006619163572691193
2022-08-03,0.002435276067987767,0.015538097290703773
2022-08-04,0.016404693683584038,-0.0006757129387757011
2022-08-05,-0.011309781450742627,-0.001691747335136005
2022-08-08,0.008434348290836127,-0.0011616030962090026
2022-08-09,0.003054867797077557,-0.0039789120938852835
2022-08-10,-0.0025151110588634198,0.020786632653459942
2022-08-11,-0.002641706914863643,0.0
2022-08-12,0.009155976822720392,0.01678725000142195
2022-08-15,-0.012950528089989187,0.004112151634980115
2022-08-16,-0.0017516299628300418,0.0019569706340075528
2022-08-17,-0.006489345947105167,-0.007123376150868794
2022-08-18,-0.0026198444873023344,0.0029022346771232534
2022-08-19,-0.007347552958114958,-0.013529192208645045
2022-08-22,-0.00665930336783302,-0.021042333507856562
2022-08-23,0.006966551217581505,-0.0024220728228673554
2022-08-24,0.002944580504679446,0.0031960536022867425
2022-08-25,0.0030581063588208724,0.014018754495483586
2022-08-26,-0.012227153201929956,-0.034435223159744656
2022-08-29,0.0006180465249853886,-0.006634181222689819
2022-08-30,-0.008375556136480044,-0.011038595864941837
2022-08-31,-0.0077553096129762645,-0.00763820757998483
2022-09-01,-0.00882902347465035,0.0031330724296665053
2022-09-02,0.00876617372318804,-0.010600380260480645
2022-09-06,-0.005856578259356107,-0.0037803198767249135
2022-09-07,0.010117286090114818,0.01780553142286391
2022-09-08,-0.006020378897494643,0.006514937702717298
2022-09-09,0.005269846503477033,0.015415903404155397
2022-09-12,0.005055386193321507,0.010690258475214234
2022-09-13,-0.013096728906648173,-0.0444563210879038
2022-09-14,-0.003855034555311845,0.003808664510016227
2022-09-15,-0.018855801737618274,-0.011418319123726504
2022-09-16,0.005533767627080334,-0.007657996741250747
2022-09-19,0.0007697907679810017,0.00772497815491848
2022-09-20,-0.005722932055293624,-0.0115448594267694
2022-09-21,0.004632228320962459,-0.0175978564491827
2022-09-22,-0.0005778441890031698,-0.008435225428647627
2022-09-23,-0.017427816406674814,-0.016896769437135483
2022-09-26,-0.01170141432179742,-0.009941963884140372
2022-09-27,0.0020477436877313054,-0.0025560412058889793
2022-09-28,0.020573557832177892,0.019485334027270075
2022-09-29,-0.0001939471718055397,-0.021110358990817934
2022-09-30,6.462035224685361e-05,-0.015584191126113615
2022-10-03,0.024019005945363412,0.026058633792289267
2022-10-04,0.014226444596111972,0.03051620993347258
2022-10-05,-0.005553659432976476,-0.002330841223406951
2022-10-06,-0.0011269264553861384,-0.010369243969944927
2022-10-07,-0.011023386142689101,-0.02829056740629632
2022-10-10,-0.015318203217156916,-0.0076645085602341755
2022-10-11,-0.002060212330939929,-0.006353132848481595
2022-10-12,0.005335071671709423,-0.0033038817096329555
2022-10-13,-0.006947611087114204,0.026048894144145407
2022-10-14,-0.012537160793022467,-0.023052365134674055
2022-10-17,0.0028720806307473926,0.025372219057527054
2022-10-18,0.002148660090392182,0.011680966863334339
2022-10-19,-0.013488925988338462,-0.007111519851206462
2022-10-20,-0.0015834633753089122,-0.00842068191404554
2022-10-21,0.01767059741452654,0.0240106914763286
2022-10-24,-0.0032488658845126403,0.012162342412368344
2022-10-25,0.002275353560635257,0.015842440222940075
2022-10-26,0.006343446354353355,-0.0075627400739976735
2022-10-27,-0.0015497241473593686,-0.005354116641305605
2022-10-28,-0.01026317410117862,0.023512131403656874
2022-10-31,-0.008194886192774814,-0.00724950271829346
2022-11-01,0.010151726172797497,-0.004385663041015721
2022-11-02,-0.006996970202892216,-0.025416299725606013
2022-11-03,-0.003813297433937162,-0.010350335635719557
2022-11-04,0.0302345832528433,0.014290678487625379
2022-11-07,-0.003970260739379374,0.009520006613894436
2022-11-08,0.022836328940686813,0.005380921527891738
2022-11-09,-0.005029894759161607,-0.02081736536510108
2022-11-10,0.029990153003992607,0.05349749011340869
2022-11-11,0.00658459794711783,0.009631929331471344
2022-11-14,0.0021852662272774694,-0.008543184758856948
2022-11-15,0.0035106980811025834,0.008492844109111764
2022-11-16,-0.0022987420952167376,-0.007658009101493938
2022-11-17,-0.007293959961673216,-0.003064475020190191
2022-11-18,-0.006917507382313755,0.004529942196142637
2022-11-21,-0.0056056352070885974,-0.0036424845736314237
2022-11-22,0.0011730356909015207,0.013367201504568795
2022-11-23,0.006212503317279542,0.006281724376391139
2022-11-25,0.000858102340972588,-0.0002236776337479488
2022-11-28,-0.007934893665371402,-0.016085609850013727
2022-11-29,0.004928261563008794,-0.0017190195302569785
2022-11-30,0.012700921015012894,0.031014538207494346
2022-12-01,0.01821784239630758,-0.0007359521058648242
2022-12-02,-0.0034616677176241193,-0.0011544004461399595
2022-12-05,-0.01730780530272015,-0.01815317916693631
2022-12-06,0.0027336344458788004,-0.014519725134391792
2022-12-07,0.008998493556537802,-0.0017024724159559685
2022-12-08,0.0008413425277820795,0.007803460900874737
2022-12-09,0.0035378943750204003,-0.007498415676832536
2022-12-12,-0.008294841833501867,0.014314390168584467
2022-12-13,0.016936889733695327,0.0075410945196669535
2022-12-14,-0.0024359858905979824,-0.006413900544947858
2022-12-15,-0.016494600382901816,-0.02476576813234625
2022-12-16,0.008671019495160068,-0.011876490965187295
2022-12-19,-0.0028218082489996433,-0.008515826726537366
2022-12-20,0.016458298941440037,0.0013676352331102746
2022-12-21,-0.0016573862871153066,0.01484151460583616
2022-12-22,-0.012158980168932585,-0.014368762365825155
2022-12-23,0.002993835039254722,0.005735757523291053
2022-12-27,0.008394677302769623,-0.003951189955918927
2022-12-28,-0.004515989032750605,-0.012505765435120957
2022-12-29,0.005582639597805041,0.017840190858395808
2022-12-30,0.004667758029330661,-0.002637464235553079
2023-01-03,0.008335816871946341,-0.004218725801684031
2023-01-04,0.009367889939565922,0.007690425656861184
2023-01-05,-0.01252963086748756,-0.011479057840927441
2023-01-06,0.01853466381119925,0.022673239424561068
2023-01-09,0.0022426010679794787,-0.0005672404714012882
2023-01-10,0.003669304474491391,0.006988398979361243
2023-01-11,-0.0006870298860052756,0.012568639121057396
2023-01-12,0.011501603213231942,0.0036340698999938635
2023-01-13,0.011930333702592914,0.0038718938191997622
2023-01-17,-0.006566591290624395,-0.0018334633514224465
2023-01-18,-0.0028758838411488395,-0.015913806972375766
2023-01-19,0.015743931377470842,-0.00730655399000267
2023-01-20,-0.0033409804213138158,0.018457596876770142
2023-01-23,0.0018946378029897782,0.011927171110117292
2023-01-24,0.0036119840879409123,-0.0010739288592814457
2023-01-25,0.004593393795208086,0.0003748366478670654
2023-01-26,-0.009096515003608066,0.010930391029701746
2023-01-27,-0.0013939615756237058,0.002295092196456285
2023-01-30,-0.002570014931290955,-0.012626242735022091
2023-01-31,0.0036296165072691286,0.01459629898038962
2023-02-01,0.012518134528387544,0.010571706781814917
2023-02-02,-0.0209702840085377,0.014452218997161322
2023-02-03,-0.025274496401227434,-0.010686120576260373
2023-02-06,0.002073259184240806,-0.006130076544655478
2023-02-07,0.0009200023760844002,0.01299386345349382
2023-02-08,0.002468544755507998,-0.010995030482471137
2023-02-09,-0.007943887464013586,-0.008707015878785442
2023-02-10,0.0019053779351280687,0.00233108836301064
2023-02-13,-0.005089097798950408,0.011670523224082841
2023-02-14,0.000753454984742333,-0.000460362189711842
2023-02-15,-0.010014646847400324,0.003242250595918992
2023-02-16,-0.0008195726363130796,-0.013864616814187358
2023-02-17,0.002982339072148569,-0.0025014335609501517
2023-02-21,-0.0037440046605545256,-0.020264790377057196
2023-02-22,-0.0056423768979153,-0.001378901892493427
2023-02-23,-0.0005305918526508475,0.005305131888679472
2023-02-24,-0.0072206822499255125,-0.01073971082019276
2023-02-27,0.003912670406128105,0.0033999316657095475
2023-02-28,0.004545621851780495,-0.003702729350387189
2023-03-01,0.005755555600934512,-0.003843314040151343
2023-03-02,-0.000585735153896139,0.0077472524734330875
2023-03-03,0.010666001055863707,0.01591048175113057
2023-03-06,-0.0050565936951402655,0.0006924528066724009
2023-03-07,-0.017635068390636166,-0.015447385112595264
2023-03-08,-0.0004745630282821619,0.0016308729483999842
2023-03-09,0.00980112770009771,-0.01862223445470292
2023-03-10,0.021333667247723984,-0.014534504638878919
2023-03-13,0.022688861946558777,-0.0014262761629093357
2023-03-14,-0.005807897981361377,0.016394864685525333
2023-03-15,0.007773838437142398,-0.006273872665722174
2023-03-16,0.0020180543660701534,0.01739287602896654
2023-03-17,0.028704276731304653,-0.011761400925806395
2023-03-20,0.0003807952240648717,0.009569525933316496
2023-03-21,-0.01905552456933767,0.013045192634641314
2023-03-22,0.016877382247649345,-0.017193419756703205
2023-03-23,0.012460224063675791,0.0026995067810881394
2023-03-24,-0.011316136891165252,0.006540617885996072
2023-03-27,-0.009299831745516636,0.0018681988681135797
2023-03-28,0.008155744573006158,-0.002247230449370855
2023-03-29,-0.0049731154716589265,0.014430263912743433
2023-03-30,0.008998964139577773,0.005838119996644252
2023-03-31,-0.0052258772770236855,0.013996229420029477
2023-04-03,0.00717858251921089,0.003803415425735737
2023-04-04,0.018469345695108493,-0.00556362770873757
2023-04-05,-0.0007982432900847153,-0.0026216608464237913
2023-04-06,-0.007159660374899705,0.0038932832162082345
2023-04-10,-0.007427401530065852,0.0010258172876932918
2023-04-11,0.00630066529229045,0.00026873706826009166
2023-04-12,0.0048732452945133,-0.0040843092174896916
2023-04-13,0.013425150587981827,0.01319495528232523
2023-04-14,-0.017869017219899228,-0.0024456413641781856
2023-04-17,-0.00446370276447651,0.003581800105209134
2023-04-18,0.0038732698004284223,0.0006519704195441856
2023-04-19,-0.004789973842758077,-0.00016890936136296377
2023-04-20,0.003930524556986942,-0.005471971344573472
2023-04-21,-0.009936876904451757,0.0007766952527216591
2023-04-24,0.0030347260178608367,0.0010425507707709071
2023-04-25,0.005073426510561733,-0.01600110904674374
2023-04-26,-0.005452222698837164,-0.004244722955410421
2023-04-27,5.4098929279836664e-05,0.019712460936101704
2023-04-28,0.0002706158931134578,0.008499073428792298
2023-05-01,-0.004501468248394752,-0.0010102982806199062
2023-05-02,0.01911282169964576,-0.011302872321800278
2023-05-03,0.00844333039400089,-0.006887538040953672
2023-05-04,0.007008337579460111,-0.007108361215857708
2023-05-05,-0.015771672012865213,0.018343367496491698
2023-05-08,0.0012261535425393925,0.000266463950257397
2023-05-09,0.007061173494320752,-0.004394870193131372
2023-05-10,-0.0014294640409972018,0.004661492975880587
2023-05-11,-0.008619799546280105,-0.0017456007610464185
2023-05-12,-0.001711544099310757,-0.001311107107917505
2023-05-15,0.0021389727993926496,0.003443950437152768
2023-05-16,-0.01257816833072297,-0.006704897556788606
2023-05-17,-0.003467895133703326,0.01206566953712111
2023-05-18,-0.013057794413406836,0.009587201271401818
2023-05-19,0.009850156652287684,-0.0014560655975723396
2023-05-22,-0.002344243508491738,0.00040607248105696054
2023-05-23,0.0012000108481294142,-0.01128648025756129
2023-05-24,-0.008101176111367243,-0.007271106929583786
2023-05-25,-0.00966457904681634,0.008622738360536458
2023-05-26,0.003987606250000357,0.012867552954129719
2023-05-30,0.006171471778321201,0.0003808591917625747
2023-05-31,0.001537018842589403,-0.005560737012317747
2023-06-01,0.007867103377943253,0.009456221975851309
2023-06-02,-0.014857275420164701,0.014357753461075998
2023-06-05,0.0060023657211361265,-0.0019182657722242773
2023-06-06,0.0010974372841257363,0.0021749882216403
2023-06-07,-0.012083252758880945,-0.0034636893483852293
2023-06-08,0.013124733073092816,0.0060303908675650945
2023-06-09,-0.002688130119841765,0.0017926762662889217
2023-06-12,-0.0008792504640156504,0.00903098023256459
2023-06-13,-0.00739483312084137,0.00657131881321518
2023-06-14,0.0005537743402144653,0.001190159645168165
2023-06-15,0.007005982383036308,0.012321364305937417
2023-06-16,-0.0015404017609150433,-0.003411997369698682
2023-06-20,-0.010404681043488588,-0.005201618002203161
2023-06-21,-0.0014474699268161662,-0.005136878504791735
2023-06-22,-0.009966480697039254,0.0036031819496614137
2023-06-23,0.0027534519339434175,-0.007588819611151232
2023-06-26,0.0017380933759117798,-0.004094042623775682
2023-06-27,-0.00460411859047838,0.010903608526399893
2023-06-28,-0.002310076023493695,0.0005044069995335137
2023-06-29,-0.0010723394318449203,0.003933492072175183
2023-06-30,0.006641221688667137,0.011731729778611017
2023-07-03,0.001121247777740352,0.001149883511504261
2023-07-05,-0.003536277643963551,-0.0014884367194902715
2023-07-06,-0.002984649764026069,-0.007861455431912088
2023-07-07,0.007473004815488796,-0.0025279844124223455
2023-07-10,0.0007833887164984092,0.002527984412422342
2023-07-11,0.003740607755698653,0.006348296447901596
2023-07-12,0.013450555215707776,0.008013756606454077
2023-07-13,0.0007144446386035077,0.007905610614808057
2023-07-14,-0.0031917364290746223,-0.0006230817013851402
2023-07-17,0.0007163001287566721,0.0034662220517089337
2023-07-18,0.011391151915954547,0.007403035829179791
2023-07-19,0.00016334311378929522,0.002221216694356382
2023-07-20,-0.005076251540707524,-0.006656486240033566
2023-07-21,-0.003069238517008006,0.0
2023-07-24,-0.0042906650791519445,0.004457261263402902
2023-07-25,0.0055524167407640206,0.002726483342636198
2023-07-26,0.0048672507195615744,0.000153716926777667
2023-07-27,-0.015836715414990758,-0.006652079047563537
2023-07-28,0.007949707574281263,0.009742775014546165
2023-07-31,0.002690787072192315,0.0019021272053689634
2023-08-01,-0.010418766955581948,-0.002865628122443618
2023-08-02,-0.004776993918500052,-0.014008512739664504
2023-08-03,-0.00033420291832367705,-0.0028698851642669815
2023-08-04,0.003613876354074006,-0.004533034423469632
2023-08-07,-0.002277988932518744,0.00869059859882088
2023-08-08,-0.006361270240024672,-0.004358151932553099
2023-08-09,-0.00476956334967285,-0.006707596106063321
2023-08-10,-0.0010691758408616784,0.0003588228204719112
2023-08-11,0.0,-0.000583355759676253
2023-08-14,-0.003045220530389694,0.005505018814616078
2023-08-15,-0.0026580037072091345,-0.011717300403511812
2023-08-16,-0.005792775189194925,-0.007365269130751181
2023-08-17,-0.0015390561619561794,-0.007649051867436956
2023-08-18,0.0001711135895520659,0.00048109657152548837
2023-08-21,0.00273392964256731,0.0064854121136151
2023-08-22,0.0016481975934526548,-0.0027124032155935213
2023-08-23,0.010113328144583607,0.011076121953113593
2023-08-24,-0.0002248455933195227,-0.013955929078498384
2023-08-25,-0.0012941233726573686,0.007025013340932083
2023-08-28,0.002867238875764686,0.0063213494989049
2023-08-29,0.00972069237763269,0.014351307393341204
2023-08-30,0.002498750315822613,0.004110385295261122
2023-08-31,-0.001665111347163996,-0.0014644517608048474
2023-09-01,0.0004997991755412262,0.0018634376769076696
2023-09-05,-0.008195174622491511,-0.004331410985110001
2023-09-06,-0.004544556063018457,-0.006745024742424583
2023-09-07,0.0010678794784509471,-0.00307503643552407
2023-09-08,0.0003369702787594387,0.0015050355059787611
2023-09-11,0.0018513951035425602,0.006555075852567666
2023-09-12,-0.005169992663578624,-0.005500763474535446
2023-09-13,-0.002312682045193072,0.0011653416438807697
2023-09-14,0.0005080950731221542,0.008585524187914981
2023-09-15,0.00658210689497754,-0.012121535445480754
2023-09-18,0.00587038313631886,0.0005862760668639891
2023-09-19,-0.0009480950413542692,-0.0020759899126872898
2023-09-20,0.0007251297423292754,-0.009235768011919285
2023-09-21,-0.0072748111459232075,-0.016666652467418094
2023-09-22,0.0031961900557462815,-0.0022510113438973917
2023-09-25,-0.005163898932470834,0.004196412474790122
2023-09-26,-0.008023084937964609,-0.014800306692307343
2023-09-27,-0.012443751217319037,0.00039907760090037445
2023-09-28,-0.005009715204337903,0.005780815931694361
2023-09-29,-0.010328505518099336,-0.0024299597833864254
2023-10-02,-0.0105542058560987,-0.0003978158018395618
2023-10-03,-0.002892421000056923,-0.013476498421122637
2023-10-04,-0.00011826350756014561,0.007255760057627553
2023-10-05,-0.0018344684108627424,-0.0003769363931379589
2023-10-06,0.005139851922273756,0.011802810780645677
2023-10-09,0.018218478536943455,0.006381865233495162
2023-10-10,-0.0016795054754092334,0.005191355295026082
2023-10-11,0.007276507826110017,0.004087841412072891
2023-10-12,-0.0030543103873241243,-0.006115057071219533
2023-10-13,0.03164231938177581,-0.004993346532725499
2023-10-16,-0.004876800474351656,0.010466433587767778
2023-10-17,0.0018525567250013085,-4.594278741177017e-05
2023-10-18,0.014367113783494704,-0.013414512213256029
2023-10-19,0.012199301049654077,-0.00882517701713649
2023-10-20,0.0027271753020748097,-0.012364159323577666
2023-10-23,-0.0033827788768209456,-0.001734815089680481
2023-10-24,-0.00010933686369138149,0.0075111358728738005
2023-10-25,0.004199991317574014,-0.014456285264958799
2023-10-26,0.00157720800379265,-0.0120468295501251
2023-10-27,0.011562693424814757,-0.004542979554638532
2023-10-30,-0.0056565149769635704,0.011884766878769193
2023-10-31,-0.005471503988171267,0.006260649632403103
2023-11-01,-0.0031556165767174377,0.01060831140075369
2023-11-02,0.0033185604405963163,0.01898304039487455
2023-11-03,0.0036323164276059108,0.009082039964118375
2023-11-06,-0.00782308105070571,0.002297822251108925
2023-11-07,-0.004153745714032089,0.0028420207278879507
2023-11-08,-0.010017653470627112,0.000732080677941462
2023-11-09,0.003975057413790778,-0.007829319413546343
2023-11-10,-0.010969699953245399,0.015484373640624022
2023-11-13,0.005555261386915847,-0.0009537278077279383
2023-11-14,0.008879636186604733,0.019215062527484596
2023-11-15,-0.0026390807860946154,0.002114782440888531
2023-11-16,0.011222864579353571,0.0012224425136344306
2023-11-17,-0.00010890827769753537,0.0012428908520735907
2023-11-20,-0.0016347162383040547,0.007668205691725932
2023-11-21,0.010740019593542038,-0.0021818249101420877
2023-11-22,-0.004271361889171939,0.003853425710361191
2023-11-24,0.005188115339681599,0.0006149931659866253
2023-11-27,0.006715220224108336,-0.001802451187289217
2023-11-28,0.013243765854618068,0.0009896002332019373
2023-11-29,0.0014783465644929395,-0.0007036197211700946
2023-11-30,-0.004176660491012712,0.003929671147668538
2023-12-01,0.0171240372669512,0.0058984635521722555
2023-12-04,-0.021850417580745678,-0.005263190616029529
2023-12-05,-0.003786606077863042,-0.00019699666444874985
2023-12-06,0.003680115406357525,-0.0040381352332239575
2023-12-07,0.001648967455985853,0.007601448951258955
2023-12-08,-0.013430173514668298,0.0042899868751039355
2023-12-11,-0.011104320560253362,0.003882098430404455
2023-12-12,-0.0005447904909059331,0.004556730654345831
2023-12-13,0.02231176448891427,0.013696081995478195
2023-12-14,0.005845435089187853,0.0032041447661326594
2023-12-15,-0.009208782757507668,-0.0016478961933020257
2023-12-18,0.004535187656823467,0.005609242118845506
2023-12-19,0.006790830606181505,0.0060625226847353065
2023-12-20,-0.005460866362358439,-0.013954086169799035
2023-12-21,0.007045755720440373,0.009437106147059357
2023-12-22,0.004424614031362936,0.00200774050852318
2023-12-26,0.007591842151508473,0.004213639794743108
2023-12-27,0.0045275772625212145,0.0018063779758647868
2023-12-28,-0.005832413160524644,0.0003777443223742783
2023-12-29,-0.001568069797763166,-0.0028991665983771984
2024-01-02,-0.0023566846852945507,-0.005612059102916789
2024-01-03,-0.008371755159892112,-0.008200177742589927
2024-01-04,0.0010041086074332737,-0.003226390976550894
2024-01-05,0.00015844285681933427,0.0013687189776187382
2024-01-08,-0.00784697829301582,0.014175030912091297
2024-01-09,0.0003193058065587502,-0.001518232964349118
2024-01-10,-0.0022906686849215973,0.005639465528339875
2024-01-11,0.001971362878362661,-0.0004407373860386804
2024-01-12,0.009746417465784744,0.000692556366135113
2024-01-16,-0.009533481464917172,-0.003678008263957911
2024-01-17,-0.011077075533253638,-0.005574184671172752
2024-01-18,0.0081991767942437,0.008853439321945548
2024-01-19,0.0029842685447011067,0.01238914621366924
2024-01-22,-0.003785111631635069,0.0021121918067512
2024-01-23,0.0038915513093621982,0.0029121472005225668
2024-01-24,-0.008281084265806402,0.001092497888761012
2024-01-25,0.003962127078988696,0.005424216879413153
2024-01-26,-0.0006949345993064864,-0.001271218915774546
2024-01-29,0.007033690942252051,0.007888211940503374
2024-01-30,0.0013795741766668092,-0.0007737765113254399
2024-01-31,-0.0007426235867567754,-0.016451918584924577
2024-02-01,0.010346957700093572,0.013003376565297105
2024-02-02,-0.009498266920115546,0.01047229802559308
2024-02-05,-0.005529246178959096,-0.003647887154780445
2024-02-06,0.0052110917695982265,0.0028990017780879816
2024-02-07,-0.0002652330017039186,0.00830587896062661
2024-02-08,-0.0009022539588233346,0.00044164075402335545
2024-02-09,-0.003883683822386861,0.0057627727704729174
2024-02-12,-0.0026153866387210066,-0.0004391024407411794
2024-02-13,-0.01388463719494907,-0.013868693935758061
2024-02-14,-0.0005962900909107332,0.009046622946715249
2024-02-15,0.00670130851432818,0.00687606743563027
2024-02-16,0.0036558786728406838,-0.0049925025845588295
2024-02-20,0.006045896751115412,-0.0055206010872481965
2024-02-21,5.331114505738622e-05,0.0009054054591785898
2024-02-22,0.0004266309391015458,0.02048422204710969
2024-02-23,0.005635602023986148,0.0006894717849500949
2024-02-26,-0.002229172292928307,-0.0036692767943319353
2024-02-27,-0.0010632481058260926,0.0018560311767372136
2024-02-28,0.001806857807827473,-0.0013226229118077624
2024-02-29,0.0051370494877010335,0.0035886666710809273
2024-03-01,0.018734204946424127,0.0093443923890907
2024-03-04,0.016045575240364,-0.001072915326331455
2024-03-05,0.006002093012312608,-0.010044438808064356
2024-03-06,0.008181839163568716,0.005054492835209251
2024-03-07,0.005667751261581818,0.00987736569764089
2024-03-08,0.008417025116951235,-0.006020152805114276
2024-03-11,0.0018333385345244608,-0.0008602705910508665
2024-03-12,-0.011000916093968595,0.010699978574011806
2024-03-13,0.006982966028737541,-0.001568823941752397
2024-03-14,-0.004183879789555109,-0.0019787532015938963
2024-03-15,-0.003199519647615261,-0.006890225098365949
2024-03-18,0.0016010012977577042,0.005925456159922159
2024-03-19,-0.0011504677080451668,0.005541810872535876
2024-03-20,0.011841472011166752,0.009206779927318618
2024-03-21,-0.0010391759354036452,0.0032994230293314267
2024-03-22,-0.008053310017860683,-0.0018979193575347638
2024-03-25,0.0031893153617754324,-0.0027665272079425117
2024-03-26,0.0032287432792988957,-0.001848812981598385
2024-03-27,0.007214572450621008,0.008368732391169746
2024-03-28,0.01281752820240996,-0.00019117961215868389
2024-04-01,0.01015632882706488,-0.0017410101788868622
2024-04-02,0.014664311961913869,-0.006378437526726732
2024-04-03,0.008734121015036823,0.0010977735278893748
2024-04-04,-0.005751211782367559,-0.012281195669084847
2024-04-05,0.01696939930469014,0.010392675215064522
2024-04-08,0.006209168519561672,0.0005592679753194925
2024-04-09,0.005482001328254476,0.0011560789020108062
2024-04-10,-0.009508923035404604,-0.010063528748199093
2024-04-11,0.01924683287449554,0.007518593269134347
2024-04-12,-0.013327746093360097,-0.01389927357258698
2024-04-15,0.01854610800435578,-0.012607354379376658
2024-04-16,0.0012212692273934644,-0.001825452789759454
2024-04-17,-0.007395532411290297,-0.00593580131160383
2024-04-18,0.0034096367107846366,-0.00205978535675696
2024-04-19,0.0031266420969041134,-0.008766693866882003
2024-04-22,-0.025012716627157542,0.009166975173577011
2024-04-23,-0.0024616906480957905,0.011796749105500264
2024-04-24,-0.0018618228395408355,-0.00047472210562558343
2024-04-25,0.005945756955740473,-0.0038061594070710855
2024-04-26,0.0032366836371748075,0.009429306969900532
2024-04-29,-0.002033283758808563,0.0035352806043726457
2024-04-30,-0.02013850411793736,-0.0159680347338538
2024-05-01,0.009021337418355644,-0.003252471532973503
2024-05-02,-0.003091862325121168,0.009309942702263554
2024-05-03,-0.0007979449099420573,0.01231911046945933
2024-05-06,0.010463427933373832,0.010273760497693409
2024-05-07,-0.00461094049941965,0.0011029568332176195
2024-05-08,-0.0029453952906236033,9.656991738832673e-05
2024-05-09,0.01565541986116323,0.005745491260516382
2024-05-10,0.008079783894319735,0.0012873025151261834
2024-05-13,-0.011265319955387511,0.00013418703118641705
2024-05-14,0.008426442720749588,0.004577533858889769
2024-05-15,0.012757032448187955,0.01230703804891862
2024-05-16,-0.003900942141432421,-0.0020595919765913264
2024-05-17,0.016363162829441925,0.001436577652657454
2024-05-20,0.004015863208074463,0.0011515421920201966
2024-05-21,-0.0014706294501547247,0.002449438910774531
2024-05-22,-0.018544867564565665,-0.0028834654442681067
2024-05-23,-0.02014614803918644,-0.007331192057224143
2024-05-24,0.0009266841017383871,0.006594716173892225
2024-05-28,0.01045829379441463,0.0006988176422214465
2024-05-29,-0.009347362870368763,-0.007027434147594856
2024-05-30,0.0018949634848045166,-0.006655871550454765
2024-05-31,-0.005881436093592545,0.009067095451278808
2024-06-03,0.008878251926791354,0.0008149731430770486
2024-06-04,-0.00901759641821021,0.0011173806852883491
2024-06-05,0.011775993219294973,0.011814937398771059
2024-06-06,0.0073641743967564136,-1.8541881592245075e-05
2024-06-07,-0.036335512840658196,-0.0012167020943519482
2024-06-10,0.009126408480625946,0.0030851373173571275
2024-06-11,0.0028525382508942246,0.002405400042125278
2024-06-12,0.002658183908153708,0.008179347253878358
2024-06-13,-0.008183543017197694,0.0020115528071191846
2024-06-14,0.012876289526632455,0.0006083178865625037
2024-06-17,-0.005205175700450875,0.007927180438056413
2024-06-18,0.0039992641040523845,0.00253774281075993
2024-06-20,0.012407060942233438,-0.0027204455362114855
2024-06-21,-0.015614512577113812,-0.001341373562135324
2024-06-24,0.0039497558204108826,-0.003256085652912505
2024-06-25,-0.004974590412272679,0.003843614282450837
2024-06-26,-0.009271011435783051,0.0012471682408116101
2024-06-27,0.011273144249924162,0.0015752038872143463
2024-06-28,9.297215668029186e-05,-0.0039428431877370175
2024-07-01,0.0026012036358740546,0.0020561069966384547
2024-07-02,-4.643502198142268e-05,0.006706988410993916
2024-07-03,0.01120993363706169,0.004452662862809784
2024-07-05,0.013396660734694752,0.005750205184322196
2024-07-08,-0.012479622087256387,0.0011530456416899498
2024-07-09,0.00169431118809057,0.0009720448671180025
2024-07-10,0.003653653384415314,0.009846554326193864
2024-07-11,0.017578001160184497,-0.008659880491193954
2024-07-12,-0.0006272936376368344,0.006287644196647937
2024-07-15,0.0032219172131206842,0.00274640253366321
2024-07-16,0.01972987782004887,0.005912795878742192
2024-07-17,-0.0046540195707980275,-0.014120500814458443
2024-07-18,-0.006401633154546632,-0.007714767584805211
2024-07-19,-0.018100662230646155,-0.006662658755525756
2024-07-22,0.0003156824791686295,0.010257024618183107
2024-07-23,0.003510507096461622,-0.0015694024640120461
2024-07-24,-0.0035105070964615765,-0.02292344927654806
2024-07-25,-0.015768400613655725,-0.00522406203758237
2024-07-26,0.010479424389843233,0.011137431355647119
2024-07-29,-0.0014060442276131696,0.0005876042605990247
2024-07-30,0.009935936183544776,-0.00507911841571345
2024-07-31,0.017948680176279857,0.01612365771265242
2024-08-01,-0.003448883709883457,-0.014262044959268121
2024-08-02,-0.0019064443892985788,-0.018794002453846208
2024-08-05,-0.01277316576262444,-0.029555961828833126
2024-08-06,-0.008032891286850252,0.009176981976943227
2024-08-07,-0.0006798590470787476,-0.006706202436224338
2024-08-08,0.01556622880577821,0.022854280906046635
2024-08-09,0.002452251987911254,0.004399877614487316
2024-08-12,0.01699935451192235,0.0005251716764653487
2024-08-13,-0.0015335341694870399,0.016311855607340702
2024-08-14,-0.008189191333501105,0.003149877522318969
2024-08-15,0.0031339290416113642,0.01699507207354462
2024-08-16,0.0221408117352879,0.002239431423959281
2024-08-19,-0.0016393656726291592,0.009515920889647516
2024-08-20,0.003663270802502215,-0.0016274510802483976
2024-08-21,-0.0013345079227065216,0.003430756814849247
2024-08-22,-0.012047289256477975,-0.007879559084560665
2024-08-23,0.011487194343258993,0.01056925843312799
2024-08-26,0.0031842629268953445,-0.0023866567162195255
2024-08-27,0.00270301522962425,0.0013721851734347333
2024-08-28,-0.007051666972008083,-0.005822070356508212
2024-08-29,0.005164620716356872,8.938571371778869e-05
2024-08-30,-0.0071515197828322195,0.00950075888805696
2024-09-03,-0.00433295027353233,-0.02079365581806176
2024-09-04,0.0006077417877377091,-0.002048915717016368
2024-09-05,0.008297784905920138,-0.002435259111926631
2024-09-06,-0.007430165851405754,-0.01697335561375082
2024-09-09,0.004197056104325384,0.011134087201075503
2024-09-10,0.004394427867847918,0.004346292606158394
2024-09-11,-0.0015918222264343484,0.0102067122319395
2024-09-12,0.01741476344611925,0.008387934015234955
2024-09-13,0.009894570827460453,0.005209151539453363
2024-09-16,-8.375168155570817e-05,0.0014757710237877327
2024-09-17,-0.005546263478781612,0.00040836669843083385
2024-09-18,-0.007740344731775493,-0.002970006663395534
2024-09-19,0.015421236419487627,0.016920328049693123
2024-09-20,0.012630557682531525,-0.0017299951074902689
2024-09-23,0.00193852671610104,0.0024956623114351256
2024-09-24,0.013872405171650835,0.002857284441057367
2024-09-25,-0.0013827232563758825,-0.002208063784737316
2024-09-26,0.005073989582052931,0.003956980151877201
2024-09-27,-0.00796748708764577,-0.0014513630254722593
2024-09-30,-0.008031540905021974,0.003999149429335296
2024-10-01,0.01043659814331518,-0.008998916101101503
2024-10-02,0.000203566476664949,0.0004220417864397283
2024-10-03,-0.0006922454344502302,-0.0018298809371609056
2024-10-04,-0.00199802503899798,0.009046357480445397
2024-10-07,-0.0033935140367649104,-0.009081603418804821
2024-10-08,-0.007399232494344503,0.00941309330669568
2024-10-09,-0.0054610705017173605,0.006902636733385661
2024-10-10,0.007316064767089658,-0.0017514439649031766
2024-10-11,0.01085428686886074,0.005970124736798629
2024-10-14,-0.0016308312397319176,0.00814525664281754
2024-10-15,0.0034623584364339233,-0.007800121387042827
2024-10-16,0.0049891427128232555,0.004336996588472615
2024-10-17,0.005970452161761758,8.586530016653473e-05
2024-10-18,0.010562207979593495,0.003839263446058494
2024-10-21,-0.0001990210805239133,-0.0016436395579748065
2024-10-22,0.010729555523637746,-0.0005313793198457541
2024-10-23,-0.012123752431615111,-0.009179182091363317
2024-10-24,0.007663817134299539,0.002160289920962743
2024-10-25,0.0020548662166116312,-0.0003455640575876874
2024-10-28,3.945329776617785e-05,0.003086798119484266
2024-10-29,0.010835937036952448,0.001617050289850771
2024-10-30,0.005490789207931537,-0.0030297776871004408
2024-10-31,-0.01561647178727062,-0.01979798681674686
2024-11-01,-0.004110813705942248,0.004211733398814216
2024-11-04,0.0014248987496042703,-0.002156331319794405
2024-11-05,0.0022519104403696992,0.012019418467132724
2024-11-06,-0.030857976694085517,0.02456132471416596
2024-11-07,0.01594864539186116,0.007702438336986757
2024-11-08,-0.006792442588197375,0.0043224483566515065
2024-11-11,-0.02375140115119195,0.0009523666781524494
2024-11-12,-0.008668821068980244,-0.003111307314593902
2024-11-13,-0.010132384997697268,0.00048578171050621643
2024-11-14,-0.002612551531378293,-0.006450904651843491
2024-11-15,-0.0017736414154014318,-0.012891440947339072
2024-11-18,0.01884162282592499,0.004089063467227235
2024-11-19,0.00891942849470824,0.003648764650949344
2024-11-20,0.005616245032295766,0.00033886855692832874
2024-11-21,0.008304918886222272,0.005353946730239371
2024-11-22,0.012809813332372074,0.003094602539964622
2024-11-25,-0.029901483187305778,0.0033862256283650905
2024-11-26,0.001936433160954421,0.0052079847398758036
2024-11-27,0.0022202481870022992,-0.003034659447963949
2024-11-29,0.008587567442534243,0.006192796075412505
2024-12-02,-0.008792948302693988,0.0017908115353919031
2024-12-03,0.0020107532444556663,0.00046384884121353394
2024-12-04,0.00302908748607766,0.0061902146869622825
2024-12-05,-0.0074252082091734815,-0.001646960376887129
2024-12-06,0.0003705001517975754,0.0018938878792284385
2024-12-09,0.009870874002918592,-0.005162973559995792
2024-12-10,0.013078415980993926,-0.0031139991889062627
2024-12-11,0.009488652360594872,0.007700951696429787
2024-12-12,-0.014772297747821581,-0.005165853569023226
2024-12-13,-0.01216527622337442,-0.00019871575140985269
2024-12-16,0.00241229791280552,0.00426095364790914
2024-12-17,-0.003846011153453628,-0.004128574625965945
2024-12-18,-0.01937149963953244,-0.0302566584899349
2024-12-19,0.0014200879312812307,-0.0003071615056291644
2024-12-20,0.01037999743966833,0.011939495834997458
2024-12-23,-0.004719916680210798,0.00597045114423605
2024-12-24,0.001990032656870636,0.011053691908019905
2024-12-26,0.0067284927019149185,6.654565219045065e-05
2024-12-27,-0.006894214453703814,-0.010582289585138158
2024-12-30,-0.0031947790408758405,-0.011477170799027402
2024-12-31,0.006214287831739849,-0.0036448545006708003
