Date,APA,CCL,GDX,OXY,SPY,TQQQ,USO,XLE
2018-01-03,0.022984497009542245,0.0022445920951522243,-0.010550751079383334,0.0136929395798161,0.006305182152516171,0.02885819089946706,0.022123021016935106,0.014864847058723051
2018-01-04,0.032768388412483446,-0.0007477207473914675,0.006343659066074772,-0.0005333387472937527,0.004205855995676302,0.005845348940871371,0.0024281463103586875,0.0060181848654685755
2018-01-05,-0.009653499750689371,-0.00826135003979225,-0.002110114141952593,-0.005484685210931291,0.006642332954294827,0.02975338316646069,-0.004862202869080574,-0.0004003278372900657
2018-01-08,-0.010183169354257907,-0.0037776512076787764,-0.01061814720751929,0.00854837313559596,0.001826447255753689,0.011060377268981911,0.005670302216639084,0.005984571035583459
2018-01-09,-0.03028919876669827,0.023639512617523204,-0.013324648937886562,-0.0039978401515826665,0.0022609498454742912,0.0007627479529073702,0.015230721823584602,-0.00252224409861913
2018-01-10,-0.012649394124983577,0.004720460874366018,0.006039656056331007,-0.008582575713625553,-0.0015310769193524793,-0.007140915417472598,0.008712974752519545,-0.001197213614444134
2018-01-11,0.04467911949236783,0.01243163983251883,0.005575655802849605,0.020924177295008443,0.007269516188915664,0.019830156232497967,0.0015760053694820746,0.020288051641646612
2018-01-12,0.024904722592951227,0.012852989685514018,0.02658962463304371,0.009320704326766138,0.006498301560915275,0.02098179052599,0.013297034269914658,0.009604141084357176
2018-01-16,-0.019052019893529303,-0.016931069188261927,0.014882404497372588,-0.016601147246515166,-0.003424287095641951,-0.007770319567617608,-0.008583716861875436,-0.012739186911451508
2018-01-17,0.0056030322977688885,0.013481338629366143,-0.017802133095907547,0.007807918029942194,0.009486589085838675,0.031024765387489436,0.001566132201023957,0.008727119596863916
2018-01-18,0.0036469826881914223,-0.006210865419533713,-0.013880387348836724,-0.006215088122601728,-0.0016824608227439207,0.000959870079586825,-0.001566132201023956,-0.008203716899017274
2018-01-19,-0.008648686918210401,-0.006686888577464174,0.001692787201705293,0.0021201836890809432,0.0045396843918842555,0.009547794941988716,-0.003139716949284924,-0.001308631495054695
2018-01-22,0.034364721765015704,0.004366153406751737,0.0025336006705755413,0.02715934821602854,0.008098108723716886,0.0307608552413775,0.004705849150308774,0.021372423066009137
2018-01-23,0.002305474817962169,-0.005095702620058906,0.016315058638545137,-0.002708831149767383,0.0021200304186191022,0.0250239980844399,0.014757590861425557,-0.0015390366595837228
2018-01-24,0.007300171936599479,0.03809158910729807,0.02053458805417945,0.0018066424300396807,-0.00038828403333274696,-0.020484634796612947,0.019091835705849852,-0.0026986442186850276
2018-01-25,-0.014021262536745354,-0.005777601672613487,-0.019290553242628176,-0.010628735505686498,0.00042343640850795025,-0.0012621369744446008,-0.012176698644190704,-0.007881887697876695
2018-01-26,0.013189467362541807,0.01249953781784456,0.009075966952816133,0.005717075956157503,0.011511295019701112,0.04369045475317201,0.013688377243514108,0.005433607304108883
2018-01-29,-0.030193331106345478,0.004039244074611923,-0.02790097049059717,-0.012254173892826055,-0.00665234246894733,-0.013331124827381685,-0.009867261633959267,-0.015210266810739895
2018-01-30,-0.04561195767172247,-0.002087175075568471,-0.009760250795495484,-0.019603187340767103,-0.010309547762791273,-0.025891980528923816,-0.01614798979142569,-0.02037897968188523
2018-01-31,0.006708683017489001,-0.002510536840103594,0.012711902418015479,0.002805016192034657,0.0004962865111689224,0.012268010879594279,0.006182394212767231,0.0006680617921313206
2018-02-01,-0.004020017506241473,-0.007006705983978403,-0.00210753353041109,0.014960219724891094,-0.001135564580251923,-0.025324935291851612,0.019832857212617874,0.010234918761648247
2018-02-02,-0.042744430167941716,-0.016447465585747813,-0.0339014638935457,-0.03367484533336459,-0.02201012030784167,-0.06302669436243202,-0.015220979648588694,-0.04268625971839236
2018-02-05,-0.045141995157554356,-0.02768505963359173,-0.00876817049767889,-0.036961911452871914,-0.0427225423544014,-0.12265868819165027,-0.02092284768187551,-0.04285985441904929
2018-02-06,0.004631236321499293,0.017916121370960505,-0.026775266780392465,0.004362598891017781,0.019510656947086324,0.07427242870165399,-0.00549672744519776,0.007891725446969861
2018-02-07,-0.038928709775809686,-0.002167532063783876,-0.014120196905273035,-0.019137677422604076,-0.005439687204328631,-0.040347561255815685,-0.026327801293144725,-0.016862759636132006
2018-02-08,-0.047110441508611364,-0.034739979541654774,-0.005519774383527941,-0.020240607097849726,-0.038230206097272755,-0.13230007670545404,-0.022895499905206302,-0.0306989296076815
2018-02-09,-0.013340560586356624,0.004632793468362648,0.0,-0.004244428638626588,0.014909628662828767,0.045999006070842736,-0.019207312626077954,-0.0007498215057270836
2018-02-12,0.023361724996190526,0.025030579201853535,0.013287633082395079,0.02448503573647631,0.014577680752632268,0.054465277165726717,0.002526374955982918,0.016217124608430843
2018-02-13,-0.010816258903856525,-0.0002908890119083647,0.0013647515298539537,-0.00214893429816896,0.0024844521472356567,0.012100303919815841,-0.0016835405972190289,-0.004140798624635042
2018-02-14,0.013175456658503473,0.016875082748039966,0.044886446414820994,0.0018627208612819143,0.013405663536648458,0.05690643728883982,0.025781088356846314,0.014418159176081951
2018-02-15,-0.002621166301061826,-0.004587275708573442,-0.0008698035195974673,-0.006031026513274332,0.01267978410248756,0.050946015383913926,0.012240023651351534,-0.0024860115430066208
2018-02-16,0.00026196854641501324,-0.001437745050626221,-0.021099521322605515,-0.018461309755057023,0.0002926988561544005,-0.01123085805895258,0.004046965511881032,-0.002492762704309115
2018-02-20,0.0049735115007040085,-0.0007196784105161301,-0.028843846093127953,-0.002497222624911592,-0.006280927436749073,0.004979418562635196,0.000807446850250043,-0.005446188498773097
2018-02-21,-0.029141013367786593,0.0018701235452784112,-0.003664641333531448,-0.011538386516284624,-0.004986422246188954,-0.009043589356137824,-0.008103802876676008,-0.01696995361078871
2018-02-22,-0.0652556521498667,-0.01354416690188379,-0.0027573451097669924,0.010508420052702706,0.0012952792455955622,0.00018795731344260354,0.024116939701984655,0.010899669408047123
2018-02-23,0.03607046532157753,0.008177659347245458,0.010983959433954447,0.005871937521784176,0.015813477500886082,0.05786475883883959,0.014195845715225475,0.021449512902361276
2018-02-26,-0.004160602463809019,-0.0017467604632164834,0.009513251442776694,-0.015487983378820238,0.011545102110962786,0.03935694857789856,0.007022986221274762,0.0059414574512808216
2018-02-27,-0.03334564417172223,-0.01689602229998123,-0.031603255642099815,-0.007760378525429717,-0.012564801654332965,-0.03646441786787066,-0.01646450709470564,-0.013089044436103673
2018-02-28,-0.018854727611162372,-0.008631056846304122,-0.006535915433343195,-0.017378368387818064,-0.010181783184888231,-0.020306158283549775,-0.022383007864911635,-0.023251765770893048
2018-03-01,0.0035076050062356513,-0.013996581299924687,0.010251619984261136,0.0004570242674090524,-0.014647631917561013,-0.04932262944112822,-0.0016180831906848837,-0.0014995937290788897
2018-03-02,0.014771839480527373,-0.015426128971813363,-0.0037157045509179027,0.0001526025660776493,0.005141891992284285,0.02712047698427906,0.0016180831906848834,0.004641278259753516
2018-03-05,0.012288039317058056,0.0033803989260971874,0.007417653736631609,0.004256660033488513,0.011491641533152257,0.03088728867910856,0.017628683023116994,0.01054927815882711
2018-03-06,0.0042508627451919015,0.014618662269477799,0.01649147955369575,-0.003952234255144411,0.00253187152443891,0.012563812137662615,-0.0015898618519740164,0.0005906637206964235
2018-03-07,-0.020283237293163614,-0.0021184998993725515,-0.02019342873940962,-0.007183624087882215,-0.0003665914630188201,0.007451565610357194,-0.017656904361827958,-0.0075614667913878626
2018-03-08,0.009192873834158437,0.010848412627699108,0.0037019491857136913,-0.022924584242272124,0.004827399771194128,0.01479624428270303,-0.01632695557235102,-0.0002977310581959073
2018-03-09,0.00995857016667581,0.01102834179973016,-0.003701949185713839,0.011213689429405245,0.017252832760792296,0.056598179314458805,0.0259966427157707,0.018876486374703978
2018-03-12,0.0025449854426786117,-0.0016316255796702303,0.008769963138040055,0.0034495358288905605,-0.0012559756019334515,0.014856632748951073,-0.00805160395273488,-0.0002920128580654251
2018-03-13,0.001410998534344639,0.0031126371824937256,-0.004144592012195113,0.004840323926160732,-0.006483571524494351,-0.036979614549244276,-0.01056491876822412,-0.007186532436913277
2018-03-14,0.005343935075118523,-0.00906857770709342,0.0027649690886058,-0.0024952990531293866,-0.005144945643974224,-0.0034000127762576363,0.0032626425892958387,-0.0059049350045947465
2018-03-15,-0.008733895619611328,-0.0034407756954602047,-0.012969135816500632,-0.0020324259563257825,-0.0010903759125584108,-0.004476737502321288,0.004874129868569639,-0.005195275016934693
2018-03-16,0.022384778427723316,0.002693736347836541,-0.0009328002697033148,0.008414086654656308,0.001084158617531962,-0.00664015545214639,0.016874649933240952,0.008878918862433154
2018-03-19,-0.015897571645073875,0.010703270192770321,0.0037259917162182276,-0.012490143409952602,-0.013622689380027893,-0.06483956465847965,0.0,-0.015571701405929787
2018-03-20,0.019488265945479526,0.0032475361751893262,-0.011220080249113877,0.004076056755296468,0.0016988549666537905,0.0073223384531386545,0.02050546788981583,0.008414985385023657
2018-03-21,0.04922364497830703,-0.011711668871245575,0.0273606289650674,0.032785184833176426,-0.0019211255574674876,-0.014577505829020775,0.02847440356321523,0.02584891253344751
2018-03-22,-0.02175756205547089,-0.012907105135170458,-0.01660558754230574,-0.013108094472899045,-0.02531477763194111,-0.07586482815437587,-0.01760477881183498,-0.020625400271967083
2018-03-23,-0.007268925536211892,-0.027411513169349477,0.028429492355779042,0.004744965796113579,-0.021545013847694874,-0.08423004528213832,0.02516335052371081,-0.006122025347958047
2018-03-26,0.0072689255362118465,0.021350828730419304,0.014362728972582665,0.025775816448467288,0.026991572503464373,0.10662752591980998,-0.005285002518728157,0.017812952491873747
2018-03-27,0.005350394913323646,-0.0010642602811203978,-0.020257205890487403,-0.020749313108581295,-0.01715800229313668,-0.1008047339990305,-0.009889781225786246,-0.009460559132159003
2018-03-28,-0.003474318890200245,-0.016722207135549987,-0.015120509662000296,-0.041411208479397936,-0.002959408854444066,-0.03508914356779196,-0.003062786623056672,-0.019648232427088456
2018-03-29,0.029805441577491584,0.014437395670472745,0.014665529461593291,0.02825887305883313,0.012696762774960499,0.05388621762748706,0.003827038005511924,0.020835529398739026
2018-04-02,-0.01518742531070281,-0.014746791751508892,0.01130977223069485,-0.00447413579798779,-0.021821039895789707,-0.09299216325933614,-0.02710195940022752,-0.020229925286895684
2018-04-03,0.002635042893970222,-0.0020138602224423255,-0.014499398556930644,0.02985745414990676,0.012735470871290873,0.03300127043581527,0.005479516487195603,0.02111967272029522
2018-04-04,0.004987686793739207,0.007569542135967842,-0.001827439271595058,-0.00015001032169616193,0.010642245727850304,0.04620801507842142,0.0007802790222550478,-0.001334798702479334
2018-04-05,0.01455714807777031,0.008123151101984747,0.0045619729906557814,0.017114449465578604,0.007861144833127907,0.015587912860532948,0.0007797449931572696,0.017798276033916167
2018-04-06,-0.01063702712577678,-0.015382481175668095,0.0045414443990252264,-0.0035475403955016567,-0.02253790236762952,-0.07756078477662995,-0.025257829906287995,-0.018243764553779726
2018-04-09,0.0028650444437793797,0.00541079971663935,-0.004086351791850254,0.020519679733882988,0.004916423464797015,0.01981455680502905,0.020570363116520444,0.0047400637700551135
2018-04-10,0.021356532938632922,-0.027510305234905857,0.012658479022153581,0.022662923252802565,0.015775053713229657,0.06396883372141948,0.03689884654098108,0.03256578397761961
2018-04-11,0.009123030785648672,0.008521540250159762,0.02177375555110704,0.016457139779760755,-0.005255993596726861,-0.01696141488530079,0.014981539434586074,0.010387945669670499
2018-04-12,-0.006580505609475346,0.001726853006182274,-0.012383862344888046,0.0013941762309345339,0.008193603847470386,0.03445287931230297,0.005191012606259984,-0.000141570970664405
2018-04-13,0.03100248615206133,-0.012787191050107033,0.01851907240055185,0.025446949917800603,-0.0029376102507435485,-0.014944358574161699,0.0022164569290063604,0.010982710047248876
2018-04-16,0.004176591839802888,0.017950381585542595,-0.003939766147698081,0.017234492220055877,0.008187994066621657,0.02182934991037012,-0.01262549814886826,0.010170849261448955
2018-04-17,0.013634985339991558,0.00140344055569473,0.005685571494572968,0.004129794404842049,0.010641939665384929,0.06200851114277885,0.002239622661707458,0.00387385148582185
2018-04-18,0.03540029404781386,0.016996597834820704,0.0021781378058942755,0.009262846916391466,0.0007397964559344161,0.006930513127002406,0.03444827740875869,0.015618688642439519
2018-04-19,-0.01908853038011532,-0.0032224346314385015,0.003475200412598029,0.0009218133129660931,-0.005562948765705102,-0.027562931502574183,-0.007956617339569183,0.0012231644025013375
2018-04-20,-0.007930161596666093,0.012524983974702733,-0.015294075814668196,0.006297237174894389,-0.00851542162399679,-0.04914204403139346,-0.0014535218715317525,-0.004763542517045836
2018-04-23,0.001927880372469653,0.005902363355617536,-0.013298114538273583,0.01001834908135717,-0.0001498577710453783,-0.007894711829810165,0.012287836274580221,0.006120158104107835
2018-04-24,-0.021662708599301306,-0.011076729954542773,0.012857745541160535,0.0012938240566414613,-0.013559179232983267,-0.06587416276850644,-0.017391725884585128,-0.010769505238113994
2018-04-25,0.00881899874222356,0.008054086161115692,-0.008849645419380978,0.0002583022155027246,0.0024685151123507547,0.0039332875203942005,0.0029197072579049094,0.007917950935738712
2018-04-26,-0.002930842133087811,-0.02699962300679572,0.003992007271026951,0.003097755797967273,0.010114359622239638,0.06016254582417633,0.003637704223631948,0.014445383697202574
2018-04-27,-0.01727173462152562,0.0007772941522404508,0.006178255320010539,-0.007242383712292631,0.0009384489395676973,0.0023246453953293233,-0.0029091595446315436,-0.010645430491513872
2018-04-30,0.0189822932882668,-0.02040569047110134,-0.019996153173257446,0.002851495744153225,-0.0077202332570108795,-0.021537492065920868,0.005085419545045134,-0.0001352538903007479
2018-05-01,-0.012285209493437905,0.016513679908563485,0.001345402153207148,-0.008840222720601247,0.0017752472506020786,0.031999638972900854,-0.01386381454692326,-0.006115460982254166
2018-05-02,0.014968098383794915,-0.019849433588463833,0.0031328079826033676,0.0032594101869721473,-0.006740042119422391,-0.017589619714296886,0.004398864879378146,0.004081539520281933
2018-05-03,-0.06333747925126075,0.00713437461836458,0.011992108044522564,0.005968999270381371,-0.0022061047850598535,6.859194022652798e-05,0.010913139940358998,-0.002310829109079492
2018-05-04,0.024350502459166076,0.004256450376144701,0.0,0.0054195619900572044,0.01286344480282912,0.05473307091344429,0.019348540482765818,0.004886383232309595
2018-05-07,-0.0005067154136199991,-0.010118736763427772,0.0,-0.005549059967562006,0.003377457655302953,0.023488294058679627,0.0007094876986072959,0.0013533076566838737
2018-05-08,0.01633431428084054,0.0034899216748972457,0.0013238058951456518,0.011834510910076115,0.0,-0.0033130086793647377,-0.0028409082114789347,0.007812652991029422
2018-05-09,0.027776066448930076,0.0125886724679531,-0.002207256463663346,0.05231549758754079,0.0096193332369682,0.03295244383258558,0.021808775899822393,0.020189376415053088
2018-05-10,0.00940977379027659,0.0017184893211853298,0.014041581371952428,0.017563951085613063,0.009307090812171093,0.030644395655018593,0.002779707295346711,0.007467160914462051
2018-05-11,-0.005538856783304069,-0.0006246869219233846,-0.003054698837223777,0.013149558022290795,0.003046819445097768,-0.0029984359616653405,-0.01116549270774328,0.001434537679793432
2018-05-14,0.021501098346314886,0.012418786737744825,-0.0043801321735737935,-0.0009419702508584882,0.00047631822629699686,0.00443451520070468,0.009081453536580257,0.006883568865190972
2018-05-15,0.004951418957247566,0.005538587428808042,-0.0230917463317259,-0.007330648082646823,-0.006910657322132721,-0.032883511757998016,0.0013898198397616184,0.00025896812738917326
2018-05-16,0.0032870119166471985,0.004286492139430062,0.0013468902311816015,-0.00011866187443963844,0.004195781007463766,0.01824696177813345,0.0041580392777204826,0.0034877220196642966
2018-05-17,0.031154993316909792,-0.009825079568238245,-0.004496613232873382,0.02229858895282825,-0.0008447254004291763,-0.011349955355122439,0.002072521168021144,0.014974503450392711
2018-05-18,-0.0022746335638585127,0.00030831400340739385,0.0,-0.008625802113021623,-0.0025031786105247406,-0.016146957074092392,-0.004149346602260974,-0.007779537652442269
2018-05-21,0.008391207773743201,-0.0010800899373776328,0.006289463222010782,0.004322201585439172,0.007490438233100587,0.01731228601619918,0.016495203421086246,0.010189942517671167
2018-05-22,-0.026314446616868815,0.004313886502034614,-0.008996755007907902,-0.009839415663945927,-0.0027840799947207577,-0.005224018590578208,-0.007526525767200488,-0.01339550949384742
2018-05-23,-0.013068990741808761,-0.0057043173601021915,0.009444512281954911,0.004463249841496949,0.0027470401043293837,0.024829764271460376,-0.003439988918195905,-0.00012858007183101167
2018-05-24,-0.03125628974402894,-0.00046749003676874076,0.013780949044722874,-0.017377100417142542,-0.0020502299793030638,-0.0008420234921956191,-0.015278093397883141,-0.016578320705527387
2018-05-25,-0.04917818033717804,0.001557642622580085,-0.015124916027125838,-0.01756395108561315,-0.0023858176355422652,0.0025232271730426924,-0.043625054769713456,-0.02633333908381585
2018-05-29,-0.007153576240620698,-0.02681552837999636,-0.007197331386764852,-0.0069407359442883575,-0.01156743531712518,-0.012863365458542398,-0.012504765588807289,-0.0030885167133701155
2018-05-30,0.042911828965623545,0.005262016590291347,0.013007507943542959,0.027005600255574438,0.013256442827641247,0.021110261537349986,0.023409971246344558,0.029813431973374185
2018-05-31,-0.017594234160832174,-0.009587861778391387,-0.004466209574374987,0.0015452068458650812,-0.006144630689906436,-0.002144679203145885,-0.02045357875802911,-0.007600511071267147
2018-06-01,-0.026087438941122573,0.014189136995187772,-0.0013439669824029607,0.01063185746912851,0.00976936135149515,0.04547027128179903,-0.02238900896985221,0.00472421412222585
2018-06-04,0.005374651445739839,0.0026875468276711064,-0.001345402153207047,0.0030507115478951587,0.004740633304498672,0.02532205526791575,-0.009859777638919251,-0.008678297910698891
2018-06-05,0.0017850110612061486,-0.04438722987607014,0.007155578709985039,0.0017557685025761632,0.0007272509453279735,0.010282072989994066,0.007593079829078862,-0.0023804031337389658
2018-06-06,0.008372145987748903,0.014094076198054273,0.0062195182226611485,0.01104835004489421,0.008325901733564043,0.016364259441300887,-0.0045489403200443795,0.004754729084610798
2018-06-07,0.053375545590206484,-0.0019547554954678858,-0.005773862657164187,0.00023148490856914191,-0.0001085159709507077,-0.023484059457008526,0.014334499118422947,0.015037884753150457
2018-06-08,0.011668556677000749,-0.006379406933714488,-0.004016951603032129,-0.002803995833429311,0.0029518662759702176,-0.000664886686423335,-0.006010530580521904,-0.0019486588927134102
2018-06-11,0.054366115303024695,0.0032765638805653144,0.008461233845561628,0.007924570274376024,0.0013294185361460477,0.007784686702130973,0.006759259570440785,0.005187939572225821
2018-06-12,-0.042130950589742706,0.016706232262371442,-0.0026641984476223264,-0.014262563845186451,0.0012917841555449233,0.01571474519503294,0.0029895360782867674,-0.007661704572989371
2018-06-13,0.013011405766179032,0.02635078195934417,-0.00044477024445876984,-0.007089747535638345,-0.0031964852305003686,-0.001137731011256242,0.0052103317572621734,-0.0037880058689303297
2018-06-14,-0.009975726326645458,0.005779941687525917,0.007975203129096702,0.00023705718983142482,0.0025146607901772484,0.02995364018496243,0.003705094226839857,-0.001440502022236534
2018-06-15,-0.0302982913036696,0.015149532690559582,-0.01915858610524163,-0.012166414516340464,-0.0012764584935641453,-0.009991494765522534,-0.03538195608867654,-0.02171199881847193
2018-06-18,0.029132031278879988,-0.01126308497926712,0.0017978718001519678,0.005505082366362978,-0.002058758262938958,-0.0022339973951353677,0.018223721470401768,0.009927916464059902
2018-06-19,0.009756170699316356,-0.015322319684929711,-0.00992787602944401,-0.014546125483972591,-0.003840325504416661,-0.008985847617023186,-0.011350830670274845,-0.0022720855853246968
2018-06-20,0.05443176543631519,-0.007432667740861729,-0.005913055835609026,0.007960608136647304,0.0017045186668146473,0.02073777517675535,0.010598084756168939,0.004405579592981986
2018-06-21,-0.02932222025699855,-0.009569315072845983,-0.00045633849202960606,-0.0139120111581923,-0.006288390453623111,-0.02623315816949351,0.0022565399927468167,-0.01868985763968628
2018-06-22,0.008976708883418425,0.017946819078184746,0.012247785161837582,0.014992446139154516,0.001821420070402538,-0.010099378423899862,0.05196925032376133,0.019754900144011753
2018-06-25,-0.03686431161586745,-0.08180188867725992,-0.007694122351772308,-0.024047962025550908,-0.013706152214364574,-0.0659803177553191,-0.01799256827309263,-0.02029790416379999
2018-06-26,0.023595383018200352,0.020626210094537887,-0.002729651762718934,0.016217286426498695,0.002211290560010803,0.010957661184513736,0.03566711758337602,0.012549807856133955
2018-06-27,0.038201306922363086,-0.028687285410524708,-0.006398695372932432,0.013097225130729787,-0.008318485599218734,-0.04095886971946474,0.02628084585669858,0.013321387981653731
2018-06-28,0.0010890948073724485,-0.015794976853164222,0.0054870582926672,-0.004426762218213734,0.005701308290209828,0.024213073653295617,0.014232706761606815,-0.0013242874078404124
2018-06-29,0.01747813770643644,0.0026209714328194983,0.017179261893271586,0.0033513511993183685,0.0014381781090433226,0.0045632108737096696,0.013369234048948237,0.006208143967627384
2018-07-02,-0.04528834994991189,-0.0027957701920640742,-0.01036272098253169,-0.01395899537903682,0.00213605546155262,0.0221654551979979,-0.006662275138479282,-0.014858099119624187
2018-07-03,0.02432135520798192,-0.006847602823873663,0.01750908367678776,0.016108226889604643,-0.003537655882842285,-0.03503022689534953,-0.0026773752071124826,0.006262120988632623
2018-07-05,0.01194203823279479,0.0022876760445557777,0.00930235922801532,0.003927252895250966,0.008124907479101145,0.03605729596760808,-0.00942770243599627,-0.0010629192905120745
2018-07-06,0.012441647612189,0.011534644063455743,-0.0030913041792448616,0.0007124017302071059,0.008422557289895057,0.04401271749300853,0.012105077643108671,0.006097435934397039
2018-07-09,0.03126874050717168,0.006753779228165664,-0.002657303378222063,0.011799533590737182,0.008963972254830935,0.027452075814785915,0.004668210902232766,0.014823216464785106
2018-07-10,0.004329455881450426,0.015074008471572026,0.0022149862699601306,0.005264841961070793,0.0035924199369444967,0.0023864054487721187,0.0026578063893591027,0.007394070692281141
2018-07-11,-0.01931718563144558,-0.014211378024187657,-0.02690745124620236,-0.020869874541205667,-0.007341559231418189,-0.014727374699689424,-0.05174736949617598,-0.02142480133448445
2018-07-12,-0.012876152713879048,0.007045401719005468,0.006343420275375859,0.007478303840534215,0.009025008737453048,0.04816804891038056,0.005574921866023984,0.001715158842601282
2018-07-13,0.008040548825589109,-0.00601125475945024,-0.008163187403331324,-0.010939550143645244,0.0007873510950908129,0.0029156932304154376,0.005544014339650492,0.005258992584721331
2018-07-16,-0.03103521150743728,0.006011254759450189,-0.004106957392554335,-0.013359834910333013,-0.0008945587742334686,-0.006765269155744825,-0.03731518386660384,-0.011606524093277913
2018-07-17,-0.016217910573373486,0.0032480449116525163,0.0004571729945838183,0.001936615461707914,0.004037411804970497,0.01834346320533799,0.0007171193638754296,-0.0039878275758445745
2018-07-18,-0.017833499923145174,0.015916371202164672,-0.0009145550919144467,0.003260080510055065,0.0021005979646866813,-0.006381873822841424,0.010695329844088356,0.000665802404666807
2018-07-19,0.002022079584588012,-0.011318639779686003,-0.01289131819946873,0.00024119144068785123,-0.0037784182214115497,-0.014897104015781554,0.00212538035686825,0.0002662252678828438
2018-07-20,0.0018046594932675556,-0.01230781313087085,0.009225188305122395,0.0012042066806234714,-0.0011435478296003012,-0.0013933900221090763,0.001414392334674109,-0.003465899557994962
2018-07-23,-0.00067610316045866,0.00017189315432128392,-0.020877801051041596,-0.00761203142408695,0.0018577317359565805,0.008639212013669744,-0.00424926039014947,-0.00441633590007789
2018-07-24,0.015659847057629944,-0.006902431658238408,0.013504394316467716,0.012175427669549557,0.005019634283790597,0.012669061920293368,0.009887043192739068,0.012528893726267813
2018-07-25,0.014325510329506609,0.0003462199383928771,0.00829103301803951,0.010370422542005524,0.008486193237256658,0.040864503070840885,0.01326375721480062,0.00830944086294379
2018-07-26,0.00043733696725245383,-0.0017325843173106412,-0.018986446299188185,-0.00201817989568647,-0.00236187280287922,-0.044663526384667855,0.0034614219497075935,0.010843779049272364
2018-07-27,-0.015650936625787995,0.00949185602041381,-0.00327784756543391,-0.008232198131307333,-0.006799046694981581,-0.04261253592898246,-0.010420418876011401,-0.004297570549384598
2018-07-30,0.023059988331728943,0.008721765717544194,-0.0023478314895645793,-0.0019190481233178082,-0.005237334904334558,-0.044011438032625354,0.015246329260443565,0.008187756373395643
2018-07-31,-0.0013034972439556398,0.00864642305955022,0.0004699683840616891,0.007414594483213346,0.00491722880233102,0.019727937837523413,-0.01804353126984335,-0.0018138779897646493
2018-08-01,-0.023313428715826395,-0.010521078205657461,-0.008020839709217483,-0.015489062059729013,-0.0016719552779909384,0.013581440996661899,-0.013394601471836201,-0.013971482493327598
2018-08-02,-0.011863175464884187,0.003915720676963077,-0.008085594763897882,-0.004852194215060039,0.005432786365144869,0.039053963673803094,0.01898120297170265,-0.005537877768154945
2018-08-03,0.01652539392598421,0.0033928698099298937,0.010451298814833358,0.0006079797274466239,0.00427562025272335,0.00891770817645335,-0.006287076144319846,-0.005169830081792769
2018-08-06,0.010794342752850688,-0.010897630009125374,-0.01236337162193933,0.0001214185480132051,0.003660260843916856,0.01820125471623837,0.0027991593241903,0.003714371515811802
2018-08-07,0.01608420038765937,0.00478231942459965,-0.01154985543368175,-0.0043839459278923205,0.0032972439673305495,0.009722764853879877,0.003487916820129643,0.007387818080802842
2018-08-08,-0.005405334200000862,-0.0015346188057661846,0.0048287118940727155,-0.00907205509642943,-0.0004206521154404661,0.002675787833685919,-0.03255772701902756,-0.007255313420267646
2018-08-09,-0.06354180962016029,0.012548983933198527,-0.002411441392548398,-0.0429023974779436,-0.0013667490928879953,-0.0008908569193696017,-0.0014398493690991067,-0.009311149716674494
2018-08-10,0.020124261028796043,0.004371862763739339,-0.007269108469209264,0.012646123919862584,-0.006722468575716002,-0.02360492117088878,0.014306381987610884,0.006128447971728547
2018-08-13,-0.010926576852544178,-0.010287542249757798,-0.028615806538793292,-0.008157055730795303,-0.0037508271910428655,-0.0028948753370137107,-0.0049839686253434785,-0.012832793618320704
2018-08-14,0.004795498955964364,0.005578552088415906,-0.010566099538494484,0.01926596067346591,0.006360355376136743,0.01829366012889693,-0.001428604368947594,0.0024187084950393935
2018-08-15,-0.04472129486486946,-0.0020249466267002244,-0.061003949873545314,-0.03487151800426496,-0.007495081155376587,-0.03708363667315551,-0.034912603403233024,-0.0355179072177921
2018-08-16,0.004515308568220669,0.01058560160080622,-0.023940311760000454,0.014069178480618836,0.00805836845230793,0.009131206147851524,0.008843085190925335,0.0072053382470848885
2018-08-17,-0.004039004994337726,0.012457643223848534,0.03037106801197922,0.006769851210675681,0.0035143523683415943,-0.00015420822739755957,0.004392354544334278,0.00248178371369211
2018-08-20,0.0007140302587250547,0.0028022200083204947,0.0037324771685648362,0.005839221784855963,0.002137804893025237,-0.0020050849927210636,0.005100240490024198,0.006725798363183054
2018-08-21,0.015112329054732618,0.011456826524749445,0.006894652293895359,-0.0015200263264779298,0.002342331479303528,0.010291220109423956,0.005074291021060674,0.005048971825585235
2018-08-22,0.014194422029087972,0.006811576575375318,0.007372272641847419,0.005561901900812676,-0.0005937848953834581,0.011546710440104028,0.03131932340737553,0.0119063968131523
2018-08-23,-0.009751966289000434,-0.006047389067274997,-0.031985557988994405,-0.0044216944879912285,-0.0013284437263398946,-0.004997505118967196,0.0,-0.004718556638669418
2018-08-24,0.014592463378978527,0.0037634632106617783,0.026197647739360987,0.0045476431939081635,0.005999835174561971,0.0274030792726388,0.011149930366993946,0.007270951323667429
2018-08-27,0.006417621167711032,0.0076467130020104294,0.017264406055278535,0.010905788595022989,0.007864624935841504,0.02968796112108453,0.0048392554920467425,0.0073512500648749484
2018-08-28,-0.02334544355296683,0.0006481188372137486,-0.01884876844749273,-0.0012475493037606565,0.0004832125149654916,0.004435342374179477,-0.0048392554920466254,-0.0042706956032234865
2018-08-29,0.02243137128059875,0.00918986658801019,0.0036929848831881644,0.0014968952553819413,0.005366210643348545,0.03437705793306146,0.015813292115572284,0.006133847877759004
2018-08-30,0.014754646109365778,-0.011784733870412265,-0.015923958397658925,-0.0012470103161866426,-0.00405673757815871,-0.005671345118479595,0.00612039673577441,-0.002795783040162934
2018-08-31,-0.012470817603910826,-0.0014625690045070713,-0.007518768986722985,-0.0032504143531866163,3.46045015530668e-05,0.0029093277004229355,-0.002715545579214714,-0.007761361283800102
2018-09-04,-0.014941082945426343,-0.004727311807453407,-0.02898751048433222,-0.007540144588889078,-0.0017238854424629232,-0.011966483334078203,-0.008876815858883008,-0.0021514266172729976
2018-09-05,0.016992470893663642,-0.004093377032608049,-0.00835889328994064,-0.0016414032143700255,-0.0026949674328439915,-0.04056537887782016,-0.006191980810988192,-0.001347229504288566
2018-09-06,-0.029108286858791906,0.012878125126970561,-0.0016801960157196228,-0.020037418246265454,-0.003014175167448494,-0.027638139571825253,-0.013199189932779179,-0.0186413018769751
2018-09-07,0.004910674608343678,0.005169621499494281,0.0022395570226381102,-0.0018253010420098677,-0.0019452431032410658,-0.00993970880450251,-0.0013996123920221144,-0.00013723534799860444
2018-09-10,0.010211162659196268,-0.0011286471763052662,-0.01521591185718231,0.002996297294954393,0.0017367628343936694,0.008740560388596514,-0.004913993418416489,-0.0004123319466057452
2018-09-11,0.01784975535514475,-0.0020992659886657633,-0.0022740519788347234,0.0031169064832894684,0.0032920487048801557,0.021962074102573698,0.027075610048828493,0.009437110452338908
2018-09-12,0.02331409665715157,0.01077267711158482,0.0302714982391276,-0.018056289845154398,0.00024218629106780544,-0.00869705352580583,0.012253342610799795,0.005159684226255467
2018-09-13,-0.013159649746638129,0.0027149883434486703,-0.0011049302583125901,0.011812967126937014,0.005896806947614187,0.02918180451550378,-0.019816156916410768,0.00040628597431362516
2018-09-14,0.020445148130000326,0.019740099069455137,-0.006099441399769142,0.012190141134649859,0.0001719880305757157,-0.0076507555686922985,0.0006899088897857804,0.005265458818104448
2018-09-17,0.007014798455501268,0.013512630007806775,0.01873330506498923,0.00025776694797405243,-0.00530810433116571,-0.0430827493419625,-0.0020710903291758453,0.0016150478040584957
2018-09-18,0.010430133520451074,0.013027980414120639,0.00598658046652186,0.016360280035548364,0.005411117951095209,0.02347439375023497,0.015089402523647237,0.00656612539019184
2018-09-19,0.011605540311593497,0.008189418713037933,0.017213883384253906,0.006318894142185753,0.001064991240949162,-0.0022191211538037433,0.01687518999687701,0.003066855107093375
2018-09-20,-0.024441665399494154,0.010965200919774308,0.009554289999669554,-0.001891559105264071,0.008071023784817015,0.030915119680372048,-0.009414957960316982,0.00026668653427628985
2018-09-21,0.006330025892791392,0.0034298975047620224,-0.007955463351259701,0.004659223157598846,-0.0009135718388340286,-0.01606727007560311,0.010752781438702515,0.006585844192793559
2018-09-24,0.03253709729513266,-0.005373900131669425,0.0010642447358782847,0.01434396460875672,-0.003327757362531186,0.008572530353019782,0.01919952795715822,0.014541278117427113
2018-09-25,0.006298470979250434,-0.0031482653275773645,0.0026562190031194453,0.00691087137622381,-0.0009277870399984948,0.004042642997278275,0.0013106461550945368,0.006409665155391847
2018-09-26,-0.011577950930269467,0.005689546206398969,-0.023075950354179597,-0.0036959854315988406,-0.002997040358000045,-0.0010089567359395375,-0.010533395645426063,-0.009696062125344712
2018-09-27,0.004225850719518236,-0.04958173962803191,-0.00435251091372598,0.0019725730050969502,0.0027902918924825296,0.027316932209164552,0.009878287292031359,0.0
2018-09-28,0.005047130948218098,0.0004704618899137174,0.009766840178652286,0.012244855015780534,0.00010332087386722188,-0.0015449101078450415,0.016894503395033632,-0.0027689725545266466
2018-10-01,0.014370750953566753,-0.0034558027340302385,0.0016184418084061495,0.01161523443997971,0.0034684325567327775,0.005746413561522586,0.027329273022400714,0.0137679942407939
2018-10-02,0.003921359353706685,-0.006789273068108812,0.026597183881928037,-0.003132226796462337,-0.0005832856984888276,-0.005746413561522562,-0.005028289945385187,0.0010415324368962889
2018-10-03,0.006774020952288263,-0.007952981076004674,-0.013742093674629512,-0.005081208180358315,0.0005486538340345258,0.002947224245256907,0.013145731679002301,0.008033117901276785
2018-10-04,-0.008216873097440422,-0.014962976248422574,-0.0021312013138591194,-0.0032804369178000775,-0.007846643293008484,-0.05873399126243976,-0.021371030558327626,-0.004138307981824558
2018-10-05,-0.010367175417411422,-0.018156983291998267,-0.005347625067258259,-0.009536423876361895,-0.005612713010565788,-0.03832941113161054,-0.0031816884471163316,-0.0001293518537255286
2018-10-08,0.000416947363233724,0.008383460327791152,0.003212094419676352,0.004290344273901784,0.0,-0.018077598385476137,-0.0006375056157252931,-0.0007775615606594237
2018-10-09,0.026722768802157834,-0.009374323102900794,-0.017251228947104368,0.0058547587660797585,-0.0014601597068476758,0.007676076264913899,0.008888908664000304,0.008909473866081081
2018-10-10,-0.06062449781687104,-0.024419976996622583,0.012966213947352841,-0.053837782229049135,-0.03217544900802414,-0.1388962999677646,-0.028206971530613325,-0.03186934375280003
2018-10-11,-0.038893056324228056,-0.02070055039787017,0.06443800492170153,-0.01799972456412474,-0.022272494458543908,-0.041367365964913735,-0.02835668443987925,-0.03442775368859252
2018-10-12,0.0111408250549425,0.006719005860924179,-0.006057648713435144,0.005602905089707796,0.013792817932218846,0.08109144161890718,0.01130707610403272,0.0027435495151365823
2018-10-15,-0.012486429401080579,-0.008968603223806666,0.015574271494754361,-0.06329195925288678,-0.005633000818982564,-0.03846952369386497,0.0006611721815625741,-0.00839142759665279
2018-10-16,-0.001346998865086302,0.023457880250607955,-0.003495656486079083,0.012108037533197018,0.02163030100751466,0.08262922131934115,0.003957753619039446,0.008254323548756453
2018-10-17,-0.028023236593891016,-0.0015243165387105876,-0.004010086158326213,-0.002738933861482159,0.00017818957251099064,0.0032920838986916865,-0.02465968970736263,-0.006322228620384503
2018-10-18,-0.022194570344532573,-0.02505698141963401,0.004510348161208705,-0.014086654345534081,-0.014546301018588247,-0.07187304692105304,-0.017699527687414847,-0.004975806449540656
2018-10-19,0.00047500587775083905,-0.005402253810342088,0.0004999078961172265,0.003886697742684345,-0.0005427474579543161,-0.00406959113137463,0.010929059852906247,-0.008907550434882151
2018-10-22,-0.019427373808111877,-0.013191427039808539,-0.007524672004358003,0.0015228804668458774,-0.004498870922438697,0.01495848634333967,0.0013577397919764238,-0.011105685780466496
2018-10-23,-0.037255697106708084,0.013191427039808589,0.01201211517135933,-0.02308921359416452,-0.005103902119957913,-0.01106551147971385,-0.048654475352606176,-0.026500259896144886
2018-10-24,-0.04656802097119317,-0.04430086298161981,-0.011508579361241342,-0.03471243809182617,-0.030766746811746053,-0.1461759454094116,0.00071201347454566,-0.0402837136170091
2018-10-25,0.004729429642655019,0.019892181118451122,-0.04477213178741911,0.006136757308228185,0.01778146323717393,0.09768612321276068,0.011323535438335522,0.012166800620320443
2018-10-26,-0.02012265288561471,-0.02869785670904984,0.00315279876265266,-0.01083770811789767,-0.017743964358357036,-0.08086184094485006,0.008409291722483735,-0.007492972686271955
2018-10-29,-0.03289680664308377,-0.0036920340932872922,-0.0026265868114544386,-0.021583046837362372,-0.005555679312901305,-0.05494976223707429,-0.015471494983161372,-0.018828476081717498
2018-10-30,0.03450016108753183,0.0012937856045060069,0.007337496777486951,0.01626784318245658,0.01470977452590296,0.037921107074669246,-0.005685866451180081,0.022881808571489047
2018-10-31,0.010095944594563467,0.03449248027826069,-0.01155474621596457,-0.007131262147970369,0.010624225382731499,0.06529201583948384,-0.017254186042734886,0.006123475408834173
2018-11-01,-0.03880862282043439,0.03005756550866014,0.033249736610608684,0.01890477309125767,0.010585979197890212,0.04274331109773986,-0.024221361988251786,0.008451471083792895
2018-11-02,-0.012443255062820678,-0.011844829758296233,0.003061216374198306,-0.000585464455707774,-0.005941022275962535,-0.04581245534863823,-0.011206663117237324,-0.0025133088703985433
2018-11-05,0.04462166939642547,-0.003686420761003168,-0.0035723668721459813,0.023724367636489368,0.005501847437035436,-0.009846468480019207,-0.0007516143647683416,0.016587677432056292
2018-11-06,-0.006406834490202535,0.006835521077589296,-0.008213498973979839,0.047325534546071,0.006307892070974185,0.020928049009010418,-0.009063497339854334,0.004647778214720101
2018-11-07,0.012508468786379299,0.024500882261037332,-0.004650061040250887,0.005168005395991277,0.021183334128738154,0.0879768721630528,-0.009146396250620574,0.01624165729990732
2018-11-08,-0.04849978718003379,-0.00941865974663461,0.003618533482353926,-0.01489586430583402,-0.0018168196717800254,-0.01719943618568778,-0.016988845832593042,-0.02190890721768141
2018-11-09,0.029003694714979322,0.007200399793136677,-0.017699442912317443,0.012587408474490226,-0.009816381129053193,-0.052141589297023734,-0.010963331699554855,-0.0017505954222928873
2018-11-12,-0.02817081988362107,-0.013240651317163107,-0.022843025290655107,-0.019079823053990693,-0.01886152394199207,-0.09194029879791796,-0.017474652184552738,-0.020947900734547716
2018-11-13,-0.02272521952805544,0.019371543037030526,-0.010262041344253283,-0.01930915097623703,-0.001873254673340625,-0.000408871136526292,-0.06539358667287812,-0.02322506161444534
2018-11-14,0.024665110232391905,0.005755929757115574,0.022014198777493887,0.002398880776658592,-0.0068599145227363385,-0.025690309143754295,0.02199752282782176,-0.0016798094204292019
2018-11-15,0.023800708041654493,0.010244295284421648,0.013713321575788558,0.022851855047953663,0.010382168517149327,0.05213248420811321,0.002507292060202268,0.01456560738398094
2018-11-16,0.011824942240267143,0.0018363452229299953,0.01507698919394334,0.01082437952066455,0.0025972570713447165,-0.01101682160263628,0.007484455348968228,0.011829142877767979
2018-11-19,-0.0243384155553781,-0.01529311874688152,0.000515896785080384,-0.0002729621414028053,-0.017058969037558193,-0.10078313338260374,0.005782804086030959,-0.0002977510124306782
2018-11-20,-0.052259570358098896,0.013957873839987284,-0.004652464960832421,-0.04260693843254833,-0.018679778498035603,-0.057067038358395765,-0.07436144524206592,-0.03330610839139737
2018-11-21,0.03847737921258161,0.011053619148465135,0.02608188788467264,0.025005104818565042,0.003401756444020316,0.022158647931672822,0.021940326334595563,0.015579999795353426
2018-11-23,-0.03301214749070894,0.011756083845912188,-0.022977697493607837,-0.0317132964329684,-0.0067009565387640005,-0.022394263196786644,-0.061764641035960646,-0.03187617125972329
2018-11-26,0.014524479258596942,0.01064275396072836,-0.005178692886392298,0.011533045194919982,0.01601551910661415,0.06639429550135614,0.010105704669432584,0.014909624918019757
2018-11-27,-0.008232973373837157,-0.013940345986357829,-0.020457193819137204,-0.017997969257249263,0.0033587174415105215,0.010322044927328473,0.0009136802061545243,-0.002778382860031445
2018-11-28,0.005117993294737334,0.022696684210541777,0.0246022268720472,0.018988425097414673,0.02276414518423855,0.09059159018226752,-0.026841034420163338,0.01701294978570879
2018-11-29,0.007909295227425946,-0.019728389075221533,-0.008829082681363981,0.0028241617724527944,-0.0021872393221317944,-0.009222143604838898,0.019508286181337414,0.0065138736677678305
2018-11-30,-0.01160309310734351,-0.007271499571492918,-0.004181868894409944,-0.009066307658337592,0.006076631538710968,0.020730207888238292,-0.012963176624406903,-0.001813825515426195
2018-12-03,0.03798260651625355,0.013018201217987252,0.018168492216174375,0.014831862876391955,0.013154623608620237,0.05002014273469689,0.0491008546890108,0.02199234720066125
2018-12-04,-0.040547897959277976,-0.046582413683782777,0.008196453574946114,-0.023407271099768805,-0.03293877055338302,-0.11649369723374281,-0.008017873646044447,-0.02912704048239399
2018-12-06,-0.03307515170048644,0.01023907231525034,0.005596606142583748,-0.03134591206136524,-0.001518607495846604,0.014443071591655499,-0.021700736385888035,-0.018605640038709032
2018-12-07,-0.026604350599314333,-0.037537925312281936,0.024556536070951415,-0.003000853962667395,-0.02351004711460638,-0.10300818321756537,0.015419814111754002,-0.005603522032106194
2018-12-10,-0.05447144955415537,-0.006721003929255665,-0.003471490259263013,-0.03206893787135356,0.0018948907320205804,0.03084848327804892,-0.03293981817572827,-0.015730884498761602
2018-12-11,-0.02232023582244675,-0.004981343141543498,-0.005978862663295218,0.004026756041815201,0.00022758773065650927,0.010664198592432282,0.018433684270128904,0.0003173085279532725
2018-12-12,0.024557120014386185,0.007993742161513122,0.02126147233166061,0.010913944273728075,0.005022285842018289,0.024881383951021872,-0.01194319363025131,0.003954457044400342
2018-12-13,-0.0009581893890016793,0.0012376828963697737,0.0019548587041611698,0.019229954572426253,-0.0003388543912105838,0.00021547364367903554,0.035409995273460525,0.0031527449305405065
2018-12-14,-0.03445244512117021,-0.004604952653454395,-0.017734188761884595,-0.02398064833778373,-0.018637379098601844,-0.07842767504916438,-0.035409995273460525,-0.023084652151365355
2018-12-17,-0.0023174528457719653,0.00017737944810702474,0.024061998095549167,-0.015324040705001384,-0.019813283435175248,-0.06674755355476363,-0.03479428505486952,-0.018367018147839677
2018-12-18,-0.031310361473423316,-0.0023100426486123726,0.023022519178477453,-0.015245770675357193,-0.0010969565123506385,0.016557898058616384,-0.06524050751278508,-0.023905709991547616
2018-12-19,-0.016900016321905614,-0.021579703418880755,-0.055569862428598814,-0.014356784689988121,-0.015089172679598185,-0.07505089945613554,0.023221688695820135,-0.011830151330682246
2018-12-20,-0.06280092509810653,-0.09970094827281115,0.040731235393053754,-0.026207947782311145,-0.016411975179257958,-0.04098735076221457,-0.030397495397267903,-0.028103104326824613
2018-12-21,-0.01680702530642633,-0.03953397182233289,-0.011189441474651916,-0.010778725592074646,-0.020702196411839388,-0.10160577811363583,-0.015552472368380914,-0.009754406669724927
2018-12-24,-0.04428039188898229,-0.035083814861531955,0.03130517649142462,-0.04903186636628713,-0.026778479327255404,-0.076924341548473,-0.029694624856559212,-0.041297282772794874
2018-12-26,0.06256805490341492,0.027533557582424737,-0.02253757234123665,0.059315413128698265,0.04929008786355699,0.16685886384634507,0.063596169888741,0.06036224709047696
2018-12-27,-0.011156730537995091,0.013175857500438438,0.016831362400468286,0.0026369491669324674,0.007647768065439944,0.014121788496756979,-0.028690465826778176,0.005232132326138834
2018-12-28,-0.01507191591914935,0.011362598934688113,-0.0178017420030517,-0.004784233110961135,-0.0012905587647307124,-0.00413287714972981,-0.00939956313517144,-0.007683169659446514
2018-12-31,-0.0034226526337831236,0.012655687024390544,0.02350795194381995,0.014936579339880632,0.00872062039260271,0.022386970052349277,0.013548942782280192,0.005244847117938324
2019-01-02,0.03223683134063412,0.011094511383000332,-0.0018984871780995487,0.010050599159456773,0.0010397872182341,0.014207414998363598,0.019477861483309145,0.01951185262578061
2019-01-03,0.002578438630175533,-0.05102936829028652,0.020221712990756757,-0.012333928454204723,-0.02415212856256671,-0.1019061440643194,0.010101038089280463,-0.00996762041125633
2019-01-04,0.04108690359266163,0.055033353370389955,-0.00841509216724815,0.031661976754217246,0.03294707306980412,0.12036668892907708,0.0228525090991826,0.03345863512331816
2019-01-07,0.021310746375162035,0.011719265368271186,-0.012281781727808411,0.0198923518906894,0.00785369487397948,0.0313811565606739,0.010747505038418521,0.014756024686592262
2019-01-08,0.014754396811194783,0.024577036761368125,0.0004751609042996947,0.007878184998438835,0.009351424748525036,0.02845934007088006,0.020202711024708143,0.007705840963410358
2019-01-09,0.04982771110407549,0.0017325761881266534,0.012745027825454815,0.012082433042426127,0.004662458745974969,0.023352840185275982,0.05105518806135765,0.015717257731867385
2019-01-10,0.003234966795935825,0.005753875566257837,-0.015123093349376721,0.006213670767842042,0.0035215151953724984,0.00957171429997721,0.004514697460094532,0.0028899575671690082
2019-01-11,0.004511682222761455,0.0021015226529056898,0.003802293242590037,0.0004531662540180522,0.00038627851409839937,-0.011978978883471807,-0.018182388447055147,-0.005948935898779243
2019-01-14,0.014999549052961815,-0.003824304563148221,-0.00714121329465554,-0.0097114162203011,-0.006119726586478589,-0.026374960554477574,-0.01945406845412085,-0.0024221858752329186
2019-01-15,0.005685332599911671,0.013698945381056938,-0.015407071272090638,-0.0009157293681427868,0.011395631678006808,0.053949778725743164,0.028586587014616627,0.0035501289726508965
2019-01-16,-0.017153969606500213,-0.003596824856614438,-0.00048540791764237835,-0.005816386968168148,0.0024168049992012585,0.0014057228576144264,0.005439761235844491,-0.0012894597535503215
2019-01-17,0.015262715777118123,0.015244482833692834,0.0029084186273485636,0.0105367671902675,0.007558302055798359,0.023143943864635124,-0.0027162249781250676,0.009151650175873001
2019-01-18,0.020463345414289718,0.02472007611092944,-0.017086185012863023,0.018064667779273062,0.01322185244645848,0.02708359060341101,0.025068518173326417,0.020094044630750794
2019-01-22,-0.017922185749537405,-0.006581498411931801,0.006869647257467787,-0.028908532215461497,-0.013602218858637246,-0.05680473512144684,-0.01694204869842973,-0.02201381753662744
2019-01-23,-0.017603394130296032,-0.004595990643205388,0.001954032941531205,-0.008481999009001002,0.002090033899968012,0.000942225944862616,-0.006314833306151579,-0.010300992687149828
2019-01-24,0.02770445093630028,0.013725157239399278,0.00048791221698619086,0.006329604875016463,0.0005317730661135213,0.017505425535411026,0.010801174686528798,0.005324685536147978
2019-01-25,0.006885791065296193,0.008866360636161896,0.03263246756523625,0.023573353521771114,0.00842544876431785,0.03501142275795682,0.0071365087390651135,0.012633217439895717
2019-01-28,0.0071484522985999065,0.015906078749846123,0.012667293311639329,-0.006786661928990858,-0.0076292839045613405,-0.03755981000533387,-0.027028689806628467,-0.0100615892613141
2019-01-29,0.024171147187783383,-0.00248546929768208,0.023953145684682476,0.006034858890537179,-0.0013279379258700904,-0.028707931222638757,0.018996504436613958,0.003044928913462141
2019-01-30,0.009627200289087343,0.020583057437061236,0.009513149800969088,0.007343664353003815,0.0157068636939464,0.07228203661061856,0.02127737865777787,0.013984181666787117
2019-01-31,-0.017517749576805828,0.002608454447754849,0.022733327232092853,-0.0028413677954048483,0.00874445434499569,0.043031222359671405,-0.004395544401113802,0.0064490143576738015
2019-02-01,-0.0051933257495876866,0.002255211836677714,-0.005302672602922341,0.018692636899335348,0.0004811110288527767,-0.012845268661439346,0.02437019883364198,0.01725402977056992
2019-02-04,0.01459440836465764,0.008111162819601985,-0.0035508317483652395,-0.0044191294258231805,0.007010553264291282,0.03597520392884289,-0.011240941001516383,0.0023087292699398945
2019-02-05,-0.00909656696472699,0.00651028745116582,0.005321576400444787,-0.006516686674401265,0.004183395909361535,0.026055102078222855,-0.01842966058646215,0.001536357986774003
2019-02-06,-0.030305470043132058,-0.00427830729260514,-0.0173996399908598,-0.010005267732459957,-0.0013191957928347247,-0.007929196970746458,0.002653671033303085,-0.0073960917454912395
2019-02-07,-0.042327310768930565,-0.02342447691626722,-0.008587417761922568,-0.02599931413016817,-0.009578572990662863,-0.04168134559870527,-0.02233232666332138,-0.02236369796298682
2019-02-08,-0.02185518728819374,-0.005810252385914809,0.013973484390646043,0.0006161291555378741,0.0012208569043427036,0.005094320883436661,0.0009029552806786066,-0.004597066527264779
2019-02-11,0.015941860220561557,0.0033494616816622928,-0.011706571980432035,-0.001849045497052392,0.0005541975304426882,-0.0023317677834153333,-0.006337702910273306,0.004755358500790167
2019-02-12,0.02376801909720129,-0.004409540253563847,-0.0013595869985911773,0.013936886956490284,0.012777767147668328,0.04238298933800661,0.01353197175728539,0.01257073443613514
2019-02-13,0.03788322394765194,0.008449258133322443,-0.00591309228646656,0.0015199875964544323,0.003241576858039479,0.0020319804604478227,0.01600036847491353,0.01241467087583221
2019-02-14,0.01200927231315441,0.0008760350244210884,0.009986413858887745,0.010874599928737898,-0.0022207494166614993,0.0036472729031039293,0.012270039261207146,0.003541083219027681
2019-02-15,0.019100296399476697,0.0026235098398622782,0.013013480927501255,0.009270311146571127,0.010838298111431709,0.01186315203591637,0.01983682985073146,0.016007660067793646
2019-02-19,0.00030019587437157943,0.01817448019580606,0.03116335265936629,0.006527518125352652,0.001729375059415725,0.005978518027930292,0.005959974688193254,0.003020124985988315
2019-02-20,0.014603343289543543,0.009389614788528691,0.009462299058304572,0.009125475796173973,0.0020134049319307148,-0.0007950207251818865,0.012653106134899167,0.004213083110039682
2019-02-21,-0.012803713910565315,-0.0013718876849690299,-0.016400851691310826,-0.024473060277187448,-0.003561977297847937,-0.011398906065194057,-0.004199938122786598,-0.015586172807477086
2019-02-22,0.002992318289509853,0.009394542907437659,0.0034751596281341534,-0.0101107596952927,0.006180682174355996,0.021488930216606156,0.005874938848870427,0.002893455971589019
2019-02-25,-0.0002989665087811882,-0.004259315138971005,-0.012655422762311562,0.004539904517346102,0.0013602327892125077,0.010963398270296925,-0.03231574758733027,0.0016713610486627538
2019-02-26,-0.011119377548229385,-0.005478511146766896,-0.0017583820797303753,-0.002873025236954322,-0.0007162695996104202,0.003110382362883832,0.005172461541607876,-0.003193142691161196
2019-02-27,0.01410359087415406,-0.009833515387754265,-0.01685918901388174,0.009194597368732852,-0.00042893861075943247,-0.003110382362883684,0.022109763206885617,0.003800160533305364
2019-02-28,-0.01138741066123231,0.0013859106732079724,-0.004933919166256095,-0.007530221985701601,-0.001864556549403598,-0.006250174020929533,0.005033522838836801,-0.01006426510682403
2019-03-01,0.024119096113953777,0.0013840617934011666,-0.024580185937341747,0.02094321056342759,0.006224344998013668,0.01978725995924722,-0.024567094580536915,0.018223697576617084
2019-03-04,-0.009459297230247028,-0.02237855929688544,0.006888686092042684,-0.0014814417734458458,-0.003644122543089071,0.00019205558236481423,0.011935379799684176,0.0018043940095264848
2019-03-05,0.0017806091202015803,0.009677272099588003,0.005476833972002909,0.001185236383085414,-0.0013608783984864795,0.0024936775551582724,0.001693438523767318,-0.0033105994899308433
2019-03-06,-0.030095692129889197,-0.016952499323471336,-0.020695037428625485,-0.020042531367175636,-0.0060753630944707275,-0.01739180842352532,-0.005939745569189823,-0.012740691262047526
2019-03-07,0.01636410668415878,-0.013808307779805951,0.012468306905279138,-0.006821777589607485,-0.008400741382542397,-0.037133274865642704,0.0050934251497289345,-0.005971026780722566
2019-03-08,-0.040484076707131736,-0.007430820493108046,0.026269748564167687,-0.035250776388406686,-0.002001972750403302,-0.00568056741687279,-0.006797042099549453,-0.01891228731440466
2019-03-11,0.02473072286953125,0.008333468887612347,-0.0035826349523680845,0.01848530479851398,0.014396994635181026,0.060588618641876375,0.011021740981276035,0.015528170487132507
2019-03-12,0.02800136407877685,-0.0030718130503461995,0.017345284548668686,0.004996876333826335,0.0037639984267136585,0.016146282637610025,0.002526374955982918,0.006450789774385461
2019-03-13,0.018824012440572288,0.014908208733259364,0.007905262851027212,0.013306782994751885,0.0065972281662367675,0.021438115498046233,0.024918169492546195,0.010053293014721939
2019-03-14,-0.001457851461340492,0.006043437027275891,-0.02704664312242297,0.0023028205695912324,-0.0006398207610196019,-0.0044363269781529865,0.002458066525081204,0.0010603493740934792
2019-03-15,0.005238495255828827,0.0031847373833338343,0.002244523247354259,0.003979283458554507,0.004928630756197167,0.024520895545467127,-0.0016380394900281467,-0.00039689340080384015
2019-03-18,0.016124726690262867,0.012987134393098967,-0.011273993872020941,0.02324995185453186,0.0036190168435941534,0.008997731726510123,0.008976038178621457,0.013795332526588927
2019-03-19,-0.014964259931975553,-0.004018533230572507,0.003621559167824156,-0.012614843677090181,0.0002480924874233124,0.009982271854074696,-0.002440073309847798,-0.002713691816218809
2019-03-20,0.022930482792670886,-0.01038282732218854,0.022342142437442408,0.01633869553119123,-0.0030145980702557047,0.011466862566632263,0.017756743334276254,0.008718003011318006
2019-03-21,0.022138672162709316,0.01283084100366342,0.005288833235365681,-0.00029756108372512943,0.011232039332172192,0.045267579275166905,-0.004811590728468497,0.00700930103600875
2019-03-22,-0.03554673913503592,-0.014778575880927706,0.0013179628085654808,-0.03019566526526276,-0.01943446041393582,-0.06761673028732423,-0.0170251413102791,-0.027419527489720104
2019-03-25,0.0028678888125578793,0.004068360142051144,0.020852048153716808,-0.0016874169850925067,-0.0007523181701990278,-0.006297843514056777,0.0016340247212281787,0.00045785279131783967
2019-03-26,0.02096990344959136,-0.09124078003464198,0.0038617447755520153,0.02950045292111371,0.007426269132454737,0.013625341706017787,0.017799844114906406,0.014249268988169458
2019-03-27,-0.018109756808564983,-0.02051469183611189,-0.014667997601453984,-0.010941772153614006,-0.00524252784240028,-0.019781466369967964,-0.010479750263093552,-0.007099215048488038
2019-03-28,0.001996467484925971,-0.006336635935525347,-0.026421622134024995,0.0033102238438953795,0.003783211082096727,0.006336538464295516,0.000810063119673768,0.003782200575779949
2019-03-29,-0.012330235320457548,0.007520441021888693,0.0004461191631295606,-0.005573832834954273,0.006285758445824099,0.022308427353479172,0.012072550346032765,-0.001510770434392161
2019-04-01,0.008904618550283157,0.028570538876076253,-0.02073067717223058,0.014695386612322616,0.011789683882901433,0.038602849175381884,0.02527778337960515,0.01307180245166348
2019-04-02,-0.01992856383539423,0.003442872678546137,0.006354933292205033,-0.008220754234560037,0.0004892226361858621,0.0109770577438278,0.014711882429315273,-0.0068904139590213005
2019-04-03,-0.036237932673316105,0.015536563465481545,-0.0013584494384230054,-0.008591370462736373,0.001572988603655227,0.017151248540925052,-0.001538497054516753,-0.009666308301928725
2019-04-04,0.009333084281907506,-0.0016935296174227493,0.01929609185899437,0.005735685223978114,0.002649416021638462,-0.0014868298771775952,-0.005403308803099366,0.008312704716386609
2019-04-05,0.0638455335458726,-0.0005650472403659063,-0.003115886046740592,0.023796820284795205,0.004828628267062266,0.014934208753440729,0.017645225355108565,0.017456678445446013
2019-04-08,-0.0002813780360870626,-0.010608155945381325,0.011524857792080043,0.004838303798928985,0.000761759723949316,0.007788245970150564,0.01883294887430688,0.004427425390780578
2019-04-09,-0.019307645982547507,-0.011684886083738123,0.005713090885969206,-0.01607128938013355,-0.0051378000400263985,-0.011051493783017476,-0.005237550021834728,-0.012297743706135313
2019-04-10,0.023796813343532376,0.00710392256693503,-0.008802936529554132,-0.0014873952302723694,0.0034051232960745706,0.016049782479748156,0.0059835574477820124,0.0037204280110359265
2019-04-11,-0.0022419679374737203,0.0038189254216471095,-0.016492344023750865,0.0,-0.00027742738147069733,-0.007587593797202657,-0.010494803074675015,0.0007421339306119549
2019-04-12,0.02384365752677845,0.020747611515001714,-0.0017995138443163583,-0.027924321254053554,0.006743067720616877,0.012240544312323185,0.0022581667284274818,0.0026678398965177957
2019-04-15,-0.015182963662045837,0.0031684186160939034,0.00045013556994969063,-0.030618340059893345,-0.0006551603662123763,0.0007999854394523915,-0.004521516346960882,-0.005938116420143903
2019-04-16,0.01682562787056934,0.019532508772273402,-0.018624230217867105,0.004880439842877169,0.0006551603662123475,0.009709724582278593,0.009770849332607403,0.006530047192697479
2019-04-17,0.007629208120072927,-0.004755816107924475,-0.006901173705414762,-0.016149671245617808,-0.0024499927095167485,0.009929883675774959,-0.006754258613625093,-0.0013322409234674934
2019-04-18,-0.019873638976581044,-0.01682572556793248,-0.014884023995356443,-0.013336838086310152,0.0019672539303548695,0.0031317955805920867,0.003007518260451599,-0.004751162313745128
2019-04-22,0.03344602740969692,-0.010496803186974876,-0.01701352780896218,0.019701204301249647,0.0008616622789256002,0.00840730497338332,0.025937014115832577,0.020913773679751124
2019-04-23,-0.017954460563127654,0.01273189701450272,-0.007655752413662616,-0.011004151653076793,0.008951347363786664,0.03728082930739116,0.008740032721951818,-0.001604829897351764
2019-04-24,-0.026423847986181612,-0.00037215647299819194,0.009560370640165168,-0.005789361791724158,-0.0022217520993762707,-0.009755934296353573,-0.008008754536357163,-0.017673082826854904
2019-04-25,-0.04084533160367295,0.0018593989049705978,-0.0071614724085718486,-0.002583974322420386,-0.0006158131642903817,0.011099472112893603,-0.011025512055932695,-0.0031255799044826475
2019-04-26,-0.02979952733164931,0.010900852956195617,0.020394253815510716,-0.00860772673114929,0.004645710521280567,0.0035736118435924016,-0.03306083086800518,-0.013052585027367824
2019-04-29,0.004828098824435673,0.00018373622590839078,-0.02183292193936412,-0.019434143353475576,0.0015663580759492544,0.005336527227796549,0.010638351947797579,-0.000906109664453168
2019-04-30,-0.009375688961704588,0.007868963822265505,0.002396301401913402,-0.02100715902791079,0.0005105436803309991,-0.023182361753203914,0.004524926328367429,-0.0007562964754466287
2019-05-01,-0.03714440515347094,0.017347690439859356,-0.017870427329909448,-0.02406466181319756,-0.007545213059264521,-0.01156588718940508,-0.005281015232411518,-0.02016875302248306
2019-05-02,-0.0627950301315534,-0.0270555374463407,-0.017203764838539703,-0.0022640781470845387,-0.0021613337746053413,-0.012321257674183255,-0.0307244269345303,-0.01759479352018598
2019-05-03,0.02683610962149089,0.015523985245166877,0.005931762479223744,0.010407702515924969,0.009740443590671562,0.04603415848676485,0.003892585028106524,0.009225533172727245
2019-05-06,0.006191780589985856,-0.005998434193241903,0.0004927204529108248,0.014051106902242063,-0.004123486429656888,-0.018069771894515693,0.015420491570830362,0.0009330335756728124
2019-05-07,-0.008810449972338801,-0.02156165352808925,0.01999571680195605,0.015532796426593378,-0.016840691657386962,-0.05992803789352887,-0.02635812767692299,-0.008745811913231061
2019-05-08,0.003272248024390657,0.006313831708102195,-0.01116781024463416,0.008674076527248218,-0.0013904659408040276,-0.00883884930561312,0.012490466976035362,0.0
2019-05-09,0.014594037338025528,-0.0014820075724201376,-0.0024443329775956793,-0.06661119244329815,-0.0030299715712415304,-0.015945500942167727,-0.006225694920304227,0.0
2019-05-10,0.00513819010320661,0.007388245232265302,-0.007369257378676095,-0.024439853184663747,0.005010583637549004,0.0027841940386485655,0.0023391614800014593,0.0046950366732281
2019-05-13,-0.03520604529487073,-0.02912826856824197,0.03154840717321917,-0.014660055586076658,-0.025451372384604837,-0.10911134514266599,-0.012539337069036934,-0.01732340334411424
2019-05-14,0.028456700027217226,0.019512736912178915,-0.004309315539868044,0.006990324139281528,0.009003133087587859,0.030893265766244654,0.014873039639396719,0.012157779041841206
2019-05-15,0.005146380727706925,-0.000557485963363321,-0.002402157000747685,-0.00551466634107399,0.005839985243919387,0.04072302271380638,0.007740006200573995,0.005165624302273001
2019-05-16,0.0019231032470481532,0.0025993669145856664,-0.011124695996925532,-0.009259508476625626,0.009218843879363685,0.03076654383573919,0.013022020267986503,0.005449503622726959
2019-05-17,-0.02660775499816932,-0.004646418663106434,0.009198886857072259,-0.018590193440841795,-0.006486001553438593,-0.03161586155619874,-0.004576698988345351,-0.01014454029595495
2019-05-20,-0.015910014479450986,-0.024515725310581035,-0.0033792160863105746,0.013180310944818507,-0.0066339943072015635,-0.0514363698353231,0.00533738941848616,0.00047052950701957945
2019-05-21,0.02962693795708305,0.005331232497218043,0.0014494911944663124,0.0009350249915347834,0.008975167186696692,0.02961613611688853,-0.0015220325839760387,0.01153551352774162
2019-05-22,-0.044436822682744605,-0.0005696937821961736,-0.01704437982273983,-0.013736458974286617,-0.003076140050113134,-0.013113397450437924,-0.030153064852282523,-0.01562042773220236
2019-05-23,-0.0640640192525215,-0.009831486563364765,0.003921682657715437,0.002460124622602667,-0.012294029533674597,-0.048315062417252884,-0.05236795493070863,-0.03410771000572866
2019-05-24,-0.012002402161675321,-0.00019374224889952957,0.006339887287532016,0.01052861532986567,0.0022659315351901805,-0.0014786421882301954,0.011513235021806536,0.0037394708956497748
2019-05-28,-0.015487157567495179,-0.006999761091507469,-0.007318917730614619,-0.022507203279678818,-0.009343995996673023,-0.010786885300708603,0.0,-0.010440828303355626
2019-05-29,-0.009333547409173712,0.006805981299275025,0.0,-0.0053700735225219644,-0.00673349642951855,-0.02537525086303702,0.0008173461151756568,-0.006415588304136774
2019-05-30,-0.018168623690148267,-0.0009694626208096171,0.016994920300679933,-0.001732371002618707,0.002727634844658418,0.011820927695638446,-0.040005296451461676,-0.012789864917361296
2019-05-31,-0.004210384735704361,-0.0070080917796220485,0.03872065315808695,-0.0420988299140382,-0.013567186936439043,-0.049340066010179914,-0.05775881924829193,-0.017708642335470395
2019-06-03,0.03096891002241711,-0.0013683137900657749,0.04084038680572373,-0.009082714897821344,-0.002545899148794394,-0.0660529329171514,-0.009959395095772788,0.012680861239645392
2019-06-04,0.05252000088647696,0.022438092454928112,0.004436641821805688,0.0074740315303839944,0.021474482427729345,0.07792957405263162,0.015350195691257638,0.017156865048165725
2019-06-05,-0.010642151771467968,-0.02694746472792923,0.0017689038427460499,-0.04654869695263024,0.00862451518693752,0.02179913610337737,-0.035571409608527685,-0.011126727918816965
2019-06-06,0.028131355189595475,0.005291539399522373,0.010549660830922722,0.03338129254340216,0.006481756989548952,0.022840768260507918,0.026570500362328102,0.018367403022016185
2019-06-07,0.0038067578300721838,0.020699078439749056,0.000874195466884301,-0.008740999821381445,0.009957443699241526,0.05545293532733365,0.015253693953564946,0.004580461634412098
2019-06-10,-0.002421027592182327,0.018025428776093186,-0.018964094525874234,0.0012535442921761913,0.004578306510598556,0.0358463013023347,-0.010743155238379957,0.0029334935412583065
2019-06-11,-0.0010392559894773423,-0.00018820754515768708,0.005771334385321331,0.023724408303180445,-0.00024239273670110216,0.0037714416462509294,0.0,0.0019506106643737645
2019-06-12,-0.029548479451150376,0.0041291377614761544,0.01624612458270751,-0.005314618437230282,-0.0017668092103150204,-0.01708533327393764,-0.04322505656872614,-0.014230911118738601
2019-06-13,0.012418332196824845,-0.010165681999586035,0.012121339899156968,0.019082838524029765,0.004117631661235697,0.016229404525902772,0.022305735765589245,0.011628854892486816
2019-06-14,-0.03115740375885969,0.0050957959026765925,0.0038652393957177926,-0.008481433434926005,-0.0011053405504492693,-0.013101409562827643,0.005499506691382986,-0.006534746780758828
2019-06-17,0.01265150866814246,-0.01593962600684408,0.005556712688262263,0.010088816278506099,0.0003802190392376947,0.018055900950514413,-0.011954088169074001,0.008324694236902158
2019-06-18,0.028330532261266073,0.0019109514819061078,0.008911543069801362,0.010782839979155405,0.010416639871002704,0.04237479106355218,0.039896458181857004,0.013721871631129456
2019-06-19,-0.0006985506533867122,0.008743645846550132,0.013845509771814285,-0.0009935457444357437,0.0022545857631718035,0.011692219127300152,0.0070859396556866554,-0.0011228939457328304
2019-06-20,0.030623401591496922,-0.07953813524135174,0.04281998375811337,0.019685662789011307,0.00950869632479052,0.027076099312075542,0.04487383146656209,0.021909220051590676
2019-06-21,0.004395541289617073,-0.04548614347383432,0.006366761614164214,-0.01354148046648204,-0.0014541452923773723,-0.004567337702128208,0.01007564210537492,0.007200202308341451
2019-06-24,-0.019418268459002352,-0.013602807516692463,0.037373130080322184,-0.014328760267467355,-0.0012254082446169936,-0.00031581337650571015,0.003336113271444303,-0.009008321187048685
2019-06-25,-0.02967555494390049,-0.012028495926181746,-0.020850317291911637,-0.010275101973844162,-0.009856315218447015,-0.052515779222567685,-0.0008330053614967008,-0.007969534254143032
2019-06-26,0.02829880936284545,-0.0015414294549253114,-0.004300979228310193,0.020842550626961918,-0.0009982878152523988,0.012568544740717969,0.023879270686039678,0.01524572640238404
2019-06-27,-0.013525378187669902,0.011829279852127608,-0.007473060124762319,-0.013377350709730017,0.0035396565601883306,0.010787874431567852,0.0,-0.007434988194463087
2019-06-28,0.011456384373201178,0.013626259892121144,0.00903927468616422,0.010596854217591413,0.005132639048419325,0.004218097844661215,-0.020551483761718278,0.011524242448380663
2019-07-01,0.007907742107577411,-0.0056011376869490185,-0.039095580183145254,-0.009994123381204862,0.009037682477820694,0.03905267907186533,0.019737464261657442,0.0009413289471762183
2019-07-02,-0.06362533320159232,0.005171399564140834,0.038704195705989965,-0.02029297959972092,0.002601160358777344,0.012070489416895067,-0.04838307547239397,-0.01612411766527148
2019-07-03,-0.0043891545384757485,-0.007550552313258552,0.0039062424937607674,0.007963353743524087,0.00796321154620014,0.02190888232371437,0.005965134663009992,0.003976113149978207
2019-07-05,-0.003672584359761638,0.01568407910330349,-0.010188338884339525,0.002234522703651333,-0.0011387957838937756,-0.006492118787927271,0.015177302251847914,0.0014274772395992262
2019-07-08,-0.02533638473025559,-0.010500393213849765,0.001181086287712492,0.0004061332249412056,-0.005509604154255199,-0.02127918368584221,-0.0016750007260837867,0.0014253608095031746
2019-07-09,0.016838273050834313,-0.010829655345507975,0.009007252596627139,0.0062682442094568695,0.0012455486101512583,0.014897089551518687,0.009178175021962496,0.0007912983066274711
2019-07-10,0.019110983201022672,-0.008968762554260946,0.021215969719210165,0.012618950070688428,0.004767019392440515,0.02914449675665666,0.03989131088449698,0.012728997765244913
2019-07-11,-0.026933983651304685,0.0070069943947687,-0.009973390098454342,0.00397291746215757,0.002341316870131631,-0.0026689504470787857,0.0015949331789711565,0.0020278800530931854
2019-07-12,0.006337535092123329,0.009338677393945661,0.010354987505189987,0.025060286774783207,0.004466994025336218,0.01663660055798645,-0.0023932785412444702,0.004198687381388027
2019-07-15,-0.02102959925246212,0.014805642122666562,-0.0011453083963674138,-0.0017418629377895687,0.0003325223054823272,0.008432577885648154,-0.017728124349274198,-0.009041443748579693
2019-07-16,-0.04303809932414527,-0.010706916574843272,-0.004978111082556824,-0.010318423238512101,-0.003230388183536443,-0.014290092784788632,-0.018876268059657485,-0.010705419757773851
2019-07-17,-0.030573833451147555,-0.017591778629975352,0.03914696605018412,0.0015642375733184624,-0.006828023769807282,-0.01494444201435889,-0.026869769235445744,-0.011461337641797485
2019-07-18,-0.0387303921643284,-0.0032920922952210637,0.04192884524904104,-0.0033269983781258187,0.0036541117077771262,0.0043140947028898,-0.016302341046914748,0.000160283122600636
2019-07-19,0.030849692522535246,-0.008832034561658318,-0.009603553049898893,0.025548238214712398,-0.005570527757578588,-0.024492451735514065,0.009470553292824507,0.004631399157234248
2019-07-22,-0.007100017398061761,0.00022175421212853038,0.00747737815705066,0.0034336376595284625,0.0024533256625209865,0.023304414690211817,0.0008565506920663852,0.00460996633472073
2019-07-23,0.01868456897845996,0.02409756623208883,-0.011416411608885006,-0.013613412497265227,0.0071246235920772154,0.019134641857077132,0.01106866221175278,0.0026925493008392314
2019-07-24,0.019552481092839157,0.01971775298552385,0.009996421559034649,0.00481449669034903,0.004688430125519304,0.021062936657218218,-0.01880399522275856,0.00426197221923756
2019-07-25,-0.024914577973961693,-0.01066799710491198,-0.02591002605090094,-0.0176376897280581,-0.004788504239841714,-0.02896657924787015,0.0008624604805014589,-0.011405299565163821
2019-07-26,-0.01039256162914747,0.013846304435916371,-0.005483492190933197,0.008760833526388425,0.0066777996981313,0.029251929649507537,0.0043010162698867834,-0.0051110141919629495
2019-07-29,-0.02539314359145591,0.0016908920785675345,0.01780249383076197,-0.013268435141682427,-0.001823157202431775,-0.009320074779988873,0.01448683889183121,-0.0040112848312392965
2019-07-30,0.03247180680874377,0.0006334632101445722,0.0021582970069307745,0.030182286723337393,-0.0024575241569103614,-0.013486954880032126,0.021758200031587148,0.01119124820912291
2019-07-31,0.013190854223549821,-0.0031709166831213197,-0.04896989030549569,-0.02138204735819875,-0.01100081950643889,-0.043112146867564274,-0.00331674947862314,-0.003184540152427325
2019-08-01,-0.012361349496811261,-0.012142024493765613,0.049688263945674,0.03463468158419048,-0.008745644333237238,-0.014123583327493885,-0.06254710948290525,-0.02290806273892252
2019-08-02,0.002897999840161201,-0.015115822672693641,-0.0028766706471092572,-0.03814559129517603,-0.007558138081476097,-0.04684408638859741,0.014919023787118794,-0.014464607124727585
2019-08-05,-0.03963415502643165,-0.016453161692477847,0.029450518232768823,-0.03499355588354656,-0.03053441345053853,-0.11092055257285328,-0.009628053319254941,-0.030254391452515746
2019-08-06,-0.014295121510575742,-0.0033232803499108087,0.002444431231459618,-0.03794278633957556,0.013925243309489948,0.04027140606672065,-0.02043603237922422,-0.001195376961720208
2019-08-07,-0.0414221068939292,0.007957431260562909,0.020370129018240098,-0.033771033009623995,0.0005905914874582709,0.014500451494347743,-0.027299255230182378,-0.007545566564110741
2019-08-08,0.020702851956893552,0.022423944068803395,0.01727992602244055,0.024268508653225086,0.019429794711806517,0.06405653693025802,0.011009274912558846,0.028342772919991
2019-08-09,-0.021612740741848508,-0.009734989253297221,-0.013868128804851068,0.0,-0.006834569517430162,-0.030023625784308297,0.02877893739671327,-0.011105412410136704
2019-08-12,-0.01930217329322649,-0.00983077874413321,-0.012337362579205655,-0.04646961194269309,-0.012247830261798062,-0.03403291114594973,0.007067160673785595,-0.011914858674114629
2019-08-13,0.01702366822552123,0.008525665038543975,-0.019147643703885036,-0.005125262157255933,0.015431824338880148,0.06357419200504193,0.04391581590945587,0.009203781378167698
2019-08-14,-0.08767536129133052,-0.02713919863195618,-0.0014069310112745318,-0.023966730248638577,-0.03001363374196159,-0.09384789906640091,-0.036898249708517496,-0.03998084999629721
2019-08-15,-0.007497976121563436,-0.009212430255235889,0.011200626289239393,0.005931910324813805,0.0026382507508508034,-0.004248467357541036,-0.007898171734791078,-0.006199739192274409
2019-08-16,0.04464802956922783,0.014121054816218618,-0.01578694413848605,0.013780966418582568,0.014647149758111003,0.04509159692631945,0.004395544401113905,0.013062794851556715
2019-08-19,0.049612408958752706,0.017867476452272928,-0.012453456669574989,0.022407982941231704,0.011975998437740845,0.04574134303719551,0.022550845897713643,0.02185682904824378
2019-08-20,-0.006872916957886509,-0.008563017251973785,0.0324084930316834,-0.007045524443486428,-0.007692124926155246,-0.020788053349387537,-0.0025761914651854663,-0.008443393033695158
2019-08-21,-0.0009199337063183456,0.013143680232296283,-0.005212745343734946,-0.004428721975915759,0.008102975267367276,0.02515244989845029,-0.0017212102322177218,0.006382145772023714
2019-08-22,-0.012503231063196885,-0.00795234937591387,-0.007344087820729465,-0.008021133736981413,-0.0003082656791622279,-0.009724822948169126,-0.0069144550170160204,-0.004480620358767215
2019-08-23,-0.03653987370564586,-0.040969901787105,0.03957170218214445,-0.053533313693123495,-0.026023318188664837,-0.09599425189072877,-0.029931826296912035,-0.03407992848102515
2019-08-26,0.01487184467095946,0.004610530421173804,0.0,-0.005680139737759312,0.010997653329683965,0.03971701188572283,-0.000893989801040758,0.004279628621204801
2019-08-27,-0.0019068397833605978,-0.010403565544753022,0.030567187814196473,0.005208076378624172,-0.003931125304315018,-0.006048744154182017,0.02123971588506069,-0.006247416758376544
2019-08-28,0.03146558985179165,0.008561939576269452,-0.004920548521304731,0.017786694952086672,0.007016942400351231,0.010003829682066324,0.019081260889778403,0.014222596135111574
2019-08-29,0.018777708717039477,0.013730139412733825,-0.024972119159687296,0.006012850920945606,0.012691545771865242,0.04447399169532555,0.01195568375708668,0.014545117014399131
2019-08-30,-0.021555503374137936,0.0018165357795123364,0.006720433716743279,0.002532974190212947,-0.0004434323297583924,-0.007083268713626803,-0.02754044094016042,0.0
2019-09-03,-0.007445539019520065,-0.009344844859629822,0.016935426129567173,-0.018570505744659717,-0.0058644553671299915,-0.0295275125195705,-0.021164790721390606,-0.004882946948934911
2019-09-04,0.029001042393658118,0.005025105140875584,0.01891787491818609,0.02086828008771142,0.011286257857457085,0.04119648860004687,0.04274525697335767,0.013888970984690023
2019-09-05,0.02818353245365846,0.027417565505183084,-0.05444438400177477,0.03406175708080931,0.012773230896063883,0.05375759526971389,-0.0008543553656814744,0.012337258774840373
2019-09-06,-0.014216187248126195,0.013431858259338278,-0.028726626652872216,0.008172758123538503,0.0007722150581082051,-0.002791080429636639,0.005965134663009992,0.005265548059577197
2019-09-09,0.056536839140023644,0.04050694568592107,-0.026687177363726975,0.006693290091303075,0.0005030915538182337,-0.006386817572877078,0.02599722602634983,0.019792444572078734
2019-09-10,0.0021119128680972834,0.04215700901023371,-0.007965243564736511,0.03195023175322412,-0.00023476711649746807,-0.008317068422547843,-0.008312631714299452,0.011723108234002522
2019-09-11,0.01216215705002332,0.0010062835150461183,0.007604492244143339,-0.003019958399604824,0.007086001034424434,0.026589273688205094,-0.025360550948501346,0.0009843339710179813
2019-09-12,-0.0062722680011985865,-0.0018120874641857673,-0.016366962680677194,-0.019413721929181282,0.0034575864598087934,0.012352744126938221,-0.018143049106236618,-0.006250882406500339
2019-09-13,0.020756138553448347,0.018568880141580035,-0.023373251965865267,-0.0068518049399919,-0.0006641859473588802,-0.010665999244168169,-0.00261900515003773,0.007889542290867661
2019-09-16,0.1560271449141247,-0.03277662555987963,0.02410637230940296,0.0583651864523968,-0.0030935447967474924,-0.013882919912263028,0.11467022340914805,0.033011803804190464
2019-09-17,-0.08928284185398103,0.009156765597439552,0.02996083669506697,-0.0570351878622322,0.0025285838213269917,0.013116770498519106,-0.04300025220697764,-0.014037570711739463
2019-09-18,-0.02293563717848528,-0.010793351336506628,-0.017940934202536833,-0.011808302633674593,0.0005983482438978303,-0.0006135137635421167,-0.015580436344921483,-0.004831034208834537
2019-09-19,0.012893126412868284,-0.009463128723849459,0.017229460675869748,0.02588335879055842,-6.666398301004634e-05,0.0044385871869134655,0.007410424941033927,-0.0025862767245498747
2019-09-20,0.0015515408381321866,-0.003312641170916969,0.02077899271300409,-0.0019673219869875995,-0.004735898759631056,-0.03196551082495088,0.0008200270350531057,0.0008162652689358722
2019-09-23,0.014621406024274624,-0.01084250367545785,0.016249246003474174,-0.004385733137861878,-0.0002346351969281712,0.0009456090707583336,0.0008193551416479644,0.0003265030836010719
2019-09-24,-0.031034615797839327,-0.001678643684373123,0.011253258578570303,-0.0006597097572710793,-0.007877841485298295,-0.04034271860051392,-0.025716923185649804,-0.01595029987561577
2019-09-25,0.005501263255082237,0.009197496114860355,-0.036606208278108864,-0.0030838171524855363,0.005897352745932884,0.03148200215551022,-0.00843882042561318,0.001656103739070652
2019-09-26,-0.009844352565288792,-0.08939765341367072,-0.011319488979285242,0.0004411817287215769,-0.0020853771410755785,-0.010063247203212994,0.0,-0.013159299014841176
2019-09-27,0.016872836160198423,-0.008454250037194017,-0.02375931842312559,-0.0046413412372557986,-0.005401793500113079,-0.03695649619071968,-0.011935379799684245,-0.0001675678406179171
2019-09-30,-0.0038986911873844696,0.002978519959446135,-0.027328098551403297,-0.014953914163008009,0.004626914946149832,0.026304301198816545,-0.02782785608057803,-0.007237290175430832
2019-10-01,-0.05335110753986167,-0.02830809422665034,0.007831367766806421,-0.015866159083891773,-0.011965915470998746,-0.024473395715103128,-0.013315826930753194,-0.023413773598192866
2019-10-02,-0.04508875854304735,-0.025022247075451837,0.018038508020063952,-0.01914539521034321,-0.017822255047635977,-0.05257201415005394,-0.018945090433871735,-0.024861400958647605
2019-10-03,0.007300779795301213,-0.010674465043698652,-0.00585432462077847,0.006037266872273164,0.008159016713933959,0.03241658427275003,-0.004564064281324912,0.01075593801858608
2019-10-04,-0.05316441223075288,0.003408778969121087,0.022497306296591385,-0.003013928797751849,0.013441689824645796,0.04121557375526482,0.010013707284229146,0.006293462888086502
2019-10-07,-0.03489774966672688,-0.005606247723435356,-0.010460017079445893,-0.020880388030434793,-0.00432435668481239,-0.009323588362939835,0.0,-0.008927870960413238
2019-10-08,-0.05523613472519535,-0.01925034957363232,0.02788882771127208,-0.03252914796879435,-0.01564640362264259,-0.046590456975392026,-0.013680068922315245,-0.01720334566948685
2019-10-09,0.01373243715255449,0.009918088628829563,-0.010991026510346502,0.0002449790920769593,0.009451773677675402,0.029853017687258426,0.0091407791178648,0.009081815723227395
2019-10-10,-0.0048828852147006566,0.010309541854373973,0.0,0.0046414686053924785,0.006740535138835879,0.021655521436086466,0.01803473723541785,0.012507914903658122
2019-10-11,0.047320695645509815,0.014545654298375843,-0.03926360889060918,0.00219109919306877,0.01031360289068785,0.03676467288294546,0.02034572608402001,0.01339044317991709
2019-10-14,0.02398634573953639,0.011724079110340164,0.0037011076665481495,-0.014945891545129748,-0.0011144816449515018,0.001102838850110023,-0.021239715885060614,-0.0005183441524600399
2019-10-15,0.010879483941302353,0.010647166555177333,-0.03304850771983319,0.007133360758853393,0.009851653426756254,0.037244316206098436,-0.010791460989319174,0.004139249602267197
2019-10-16,-0.019117561617987774,-0.0023563212829002186,0.019660367359731357,-0.011338667957159468,-0.0016075520852337005,-0.007460878962722573,0.007207231283841115,-0.014039452109921212
2019-10-17,0.016408741536918604,0.001178854672538114,0.013757475913443043,-0.0002478043862000149,0.0029449652945504187,0.006854212568586142,0.012488957079089718,0.0006979985581360828
2019-10-18,0.014363049140714818,0.008213115689498283,0.001475979635399433,0.002971189401166218,-0.00438650599468914,-0.0291082172566306,-0.0053332985032367684,-0.005246724303854792
2019-10-21,0.025802193178054,0.007682448473443101,-0.020112545867746377,0.009105227716392685,0.006755928940385965,0.02606765186997785,-0.0008916834068991662,0.017727216609962047
2019-10-22,0.007873658978546768,-0.013307039004423022,-0.001505832520994279,0.033722002813166764,-0.0032718015564093795,-0.023414558681355908,0.0115300712683183,0.012837054889314586
2019-10-23,0.025383548579105623,0.03350980089472174,0.010121758666099056,0.016443981045274978,0.0029052622296937116,0.004665012245276896,0.026969835512198333,0.008299149814744168
2019-10-24,-0.013256903807786664,-0.0022752752591134926,0.026138197443972836,-0.014787563002149475,0.001632604450895903,0.02829568026785308,0.006843476372820875,-0.004225849869928506
2019-10-25,-0.051225142848942536,0.01514659650090851,0.007962360779057147,0.005659152749694129,0.004086588130467904,0.02251630422111355,0.008489047900755609,0.00809750347476009
2019-10-28,-0.01552583418327846,-0.008788790659482406,-0.024818725701621854,-0.005895428599517433,0.005620907817172594,0.030065639238967597,-0.015332524273576596,-0.005728900391225004
2019-10-29,0.01461912665097093,-0.0004527528430885748,0.005527797671028502,0.0011819299523792676,-0.00029686335939790886,-0.023305651127134636,-0.006026681711100929,0.004047283356697703
2019-10-30,-0.031792422325956596,-0.02174748791177651,0.008781632532765826,-0.023181989658142724,0.003062612998823915,0.01396169003302976,-0.00954451113451802,-0.020573893401601734
2019-10-31,0.013947248320564215,-0.0074332715615807584,0.025181180470314733,-0.02101226051899378,-0.0026667779900886876,0.0007220247272837147,-0.014932211824421322,-0.004303895631630076
2019-11-01,0.09463838105918725,0.0013979993591352968,-0.004985719776027654,0.043248596074580384,0.009221280891283068,0.02677074286734243,0.03393099699113524,0.02251876427755866
2019-11-04,0.029383291347304646,0.028914302462748714,-0.017648525975516596,0.04485276770334203,0.004009718887739318,0.01768731191192391,0.010212926151275472,0.03203869811799904
2019-11-05,-0.023103215647401323,0.014595582636541362,-0.02018800057662008,-0.053878974123339154,-0.0011070577745155483,0.0012416682606095747,0.010109595950462544,0.0013062810785355822
2019-11-06,-0.01429195971746047,-0.010983015246964174,0.012161503990219704,-0.05644271559517786,0.00022811361421122374,-0.0063625028279426545,-0.01010959595046244,-0.02060582026036474
2019-11-07,0.01928764784475244,0.015209372632850559,-0.03011937418218798,-0.01475098731180928,0.00351039070743831,0.010077955139786095,0.005909657827675809,0.014878692834171378
2019-11-08,0.014430578737691793,0.0,-0.009863431013809616,0.02704568369677421,0.0024630371329523327,0.01174417408417599,0.009216626382455856,-0.00411086017616637
2019-11-11,-0.02402790171092913,-0.008246791350980736,0.0003811610865852279,-0.03089618502105235,-0.001911420557288563,-0.0042175995994596805,-0.00837521037242228,-0.005617893135227013
2019-11-12,-0.002098655726634765,-0.004486423878304322,0.013250237946030311,-0.011381437163834876,0.002105740985569637,0.008146750750118423,-0.0016835405972190289,-0.005149939522777991
2019-11-13,-0.02123231951618586,-0.009487289276394067,0.005999357263712364,-0.00835960744344044,0.0003234586781048354,-0.0014886254201636308,0.0075535527316445954,-0.004340099843667975
2019-11-14,0.005563866764303634,0.008587601724570008,0.009302323894318036,-0.009488783860933572,0.001454973445483512,-0.00027077952034985887,-0.004189381156568845,-0.0026797090909301464
2019-11-15,0.020279826074903154,0.009183582351865976,-0.009676216593636969,0.031028523189711808,0.007210329447874759,0.01865442488384807,0.014172815635481811,0.007686018039784134
2019-11-18,-0.039672695372800854,-0.003350073973757309,0.017056376304734337,0.008945695976530122,0.0007372417204989621,0.005172250669942338,-0.015012818129741251,-0.012225116976935362
2019-11-19,-0.02690338616386041,-0.004709003317643343,0.0011022309789619866,-0.02996105428971312,-0.00028878034915255716,0.004092121114142943,-0.028122853232090857,-0.014938222462794387
2019-11-20,0.02210533169230479,-0.018603171469652454,0.004031504289656306,0.008874989756316991,-0.0037254611728088126,-0.01767598803601701,0.028122853232090718,0.010040257997835249
2019-11-21,0.015187814034103207,-0.0034805850213587074,-0.019202876957545984,0.016495532005210603,-0.001610176315116763,-0.007807566046800931,0.024897568044001943,0.016290165539691398
2019-11-22,0.008149340584527293,0.015225195712813982,-0.0022396662957576067,0.011689892449701195,0.002221127386821292,0.0026991147940915532,-0.007404406890556329,-0.0033371661178767604
2019-11-25,0.005962459895808438,0.018598811779542705,-0.02114870866745365,0.008804038934662417,0.0077204259420244606,0.03404984504918201,0.0,0.0010023965192998442
2019-11-26,-0.028425500308994232,0.0040368767556672605,0.021895950378549498,-0.03465300105118843,0.002263220816586828,0.005974036556290744,0.006584379855503273,-0.009225732010661179
2019-11-27,0.014313699828658455,0.012013420497132487,-0.004491150211286184,0.00465606055928845,0.004447804089020026,0.01999814056500246,-0.0041100951585080455,0.0025244600454220056
2019-11-29,-0.041324502452601816,-0.003100790991556458,0.015631221008799562,-0.0046560605592883605,-0.0037158290734365896,-0.013416268051827355,-0.04377807233649538,-0.010137085470185651
2019-12-02,-0.13122584195964834,-0.013174139540518883,0.003317895907104717,0.0028480741639681545,-0.008530559126693538,-0.03268694341333964,0.004293711260928543,0.0
2019-12-03,-0.06120048276853953,-0.02158446782988614,0.021842882790098092,-0.017210618152834624,-0.006729343365617915,-0.02271762156414807,0.0076825090971441535,-0.015055791853927726
2019-12-04,0.017260179399798733,0.0077785496074973546,-0.010497882751238044,0.011246526948655083,0.006151317267238422,0.01471142885251607,0.035911947136930675,0.014886002942975155
2019-12-05,-0.00643758594648618,0.007266260023597127,0.005081784401596756,-0.012299101311763887,0.0017962539011350447,0.00521143295891439,0.0,-0.004766703944168023
2019-12-06,0.07314659536947918,0.012813425272962508,-0.023815123567450764,0.026758192049607554,0.009092312668575872,0.03045229319031614,0.010608024264459481,0.01893232703332709
2019-12-09,0.03151419394085615,0.014194023063711723,-0.001855664926747413,-0.023293683669419904,-0.003148929268308185,-0.012357704139663774,0.0008113776539731411,-0.001172934368713083
2019-12-10,0.014437016315833068,-0.001983868615461777,0.007770666268419977,0.006140682770861382,-0.001115466338616506,-0.0022277256988766795,0.004854412362131144,0.00200982981795424
2019-12-11,0.016583962100357223,0.01031729800099934,0.021153180561312136,-0.0007987459546250393,0.00283466092894255,0.014973143406803465,-0.007290445465444954,-0.0016745775413339176
2019-12-12,0.035091576588492046,0.023951990504627072,-0.0018060643910256862,0.01873661524383357,0.008581886914997594,0.02261658102338836,0.005674899267636442,0.0182668123730193
2019-12-13,-0.03180728302883373,0.011658758400514096,0.002166945900101126,-0.01421843129325342,0.0005987021898219194,0.008930300718391635,0.009654128659371554,-0.007598249300316863
2019-12-16,0.03316745027971474,-0.009741659810654616,-0.011976205438391459,0.016046817080113178,0.006846917550457143,0.02827185890248341,0.007974554363745601,0.01334135226267587
2019-12-17,0.017961827854224392,0.0044590162671350984,-0.008432630788552255,0.0,0.00021910662190788207,0.0013380449618294863,0.010272718728782075,0.0006541901487049612
2019-12-18,0.011944588198334702,-0.01322254292584807,0.01062083867273316,0.009092009599286537,6.272771195597507e-05,0.0023070918962306377,0.0015710532736032035,0.0037534148109580876
2019-12-19,-0.0013203601342766426,0.0015015860795067513,0.0010922733080044225,0.000775738400286904,0.004090368218077518,0.020171087026052026,0.003134795876705592,-0.0003257745126246497
2019-12-20,-0.0039708821709808695,0.07354122430679218,-0.012818337824181415,0.00797820842477056,0.0043745597703567915,0.011816249105319615,-0.0118064826316772,0.009546791321469482
2019-12-23,0.15944172583841112,0.020696524732913796,0.03038133895534844,0.017784850538222298,0.0015267622865189508,0.007373294709449242,0.005527033022613976,0.010214925413398142
2019-12-24,-0.013662354623149795,-0.006262191755468432,0.031546159861710145,0.004522679535242141,3.110241902432967e-05,0.001294020218357122,0.005496727445197771,-0.00048403118706963685
2019-12-26,0.003813921307670588,0.007626928862023189,0.01454817390153022,0.006496869989006778,0.005308875511438826,0.025646874568820338,0.00935313769465962,-0.00032292663325481015
2019-12-27,-0.005726265169145943,0.0,-0.00724766660273389,0.0002490786678351539,-0.0002476318349203352,-0.0029566186759889144,0.0015503494532850275,-0.004206332480317692
2019-12-30,-0.024023051217045694,-0.006057700677079262,0.021248208177794638,0.013356581828429278,-0.005528400172949392,-0.020130671733288644,-0.0015503494532849685,-0.003160988203551981
2019-12-31,0.0035233695668292907,-0.0037309646752790217,-0.007146471263166887,0.012452792298352585,0.002426316784862615,0.005677475905383951,-0.006225694920304227,0.005679166027580592
2020-01-02,-0.009028355180694272,0.009398995246456423,0.002387882934174191,0.032703764444350046,0.00930859127479228,0.04837744541327755,0.0,0.008953645728297642
2020-01-03,0.012928550895070938,-0.028065159111909457,-0.006151778547909298,0.023901748314688227,-0.0076012392043722865,-0.02756706511452927,0.02847440356321523,-0.0029756228021383065
2020-01-06,-0.001948196417567168,-0.03073403940915237,0.0017125605312242039,0.032486452056452064,0.0038080991922381175,0.01883269747549723,-0.0015186379264742413,0.007751256363294815
2020-01-07,0.23739404989105412,0.0030956486081586184,0.009536751034021084,0.004871599506622742,-0.0028159391362554743,-0.0012224015821996929,-0.002282217271654169,-0.0026320254802308747
2020-01-08,0.006744264444672686,0.004728036434599211,-0.039763149508436964,-0.006426631440099144,0.005315367480793392,0.022754470996848217,-0.03645229236741834,-0.016608892889373502
2020-01-09,-0.003979781482259064,0.008983470671186865,-0.010994847416365822,0.00863318202337452,0.006757791624376169,0.02490187239196124,-0.01351909885099501,0.007341985822169128
2020-01-10,-0.0067712498834616355,-0.007139354703162047,0.01451613985266143,0.011614319667111048,-0.0028817691378403535,-0.008196400169680441,-0.00642571889132259,-0.005668669021825775
2020-01-13,-0.011492753461437997,0.010386079638838858,-0.02419196295450317,0.014491178268868728,0.006853805812981165,0.03435398154501046,-0.017066650815750945,0.00033424547272187
2020-01-14,0.04818022547800466,0.0170737261378736,0.01749111801635951,0.014284534000555427,-0.0015260198130530504,-0.01173837023569652,0.006535964868773553,0.00016724512489874586
2020-01-15,-0.001489593998423932,0.004570353910902277,0.01858073193920686,0.0004233546397785952,0.0022573095538165754,0.000626691156704594,-0.008176613636745635,-0.007380079310165833
2020-01-16,-0.013205565041736148,0.01788042625082019,-0.004176859557940948,-0.012563136611074692,0.00828406709685702,0.02750051327233858,0.008990633136806635,0.0016819596310006396
2020-01-17,-0.013076188468094652,0.010653920862213524,-0.00875812829915159,-0.018162325238492254,0.0031076786359646833,0.01482408592419968,0.0032493905145450537,-0.006407201208418004
2020-01-21,-0.021197767159182687,-0.023590271854372423,0.0184770859206451,-0.033502795605953636,-0.0019599645211904842,-0.0005007948785966169,-0.0073260526039015976,-0.018091930651129403
2020-01-22,-0.027792977489103917,-0.016108436264662147,-0.003806953034318085,-0.023514593710068598,0.00012051853137780931,0.006787258048928651,-0.02817089032347976,-0.009692268086269964
2020-01-23,-0.01962759922276962,-0.00865807761276669,-0.0062608351230906455,-0.017946747898468802,0.001146661880863402,0.009208534721543092,-0.02037420022529741,-0.0038334111530109335
2020-01-24,-0.009626393967599746,-0.03981138286583998,0.019350909130913137,-0.0070808647550808165,-0.008933443845580914,-0.026263522012341417,-0.019922663329643896,-0.011589200322251612
2020-01-27,-0.03842076157477484,-0.048506131611018764,-0.004802735229382917,-0.023485500270425175,-0.016159268672308907,-0.0638169468507003,-0.029296361821332474,-0.028120432709814833
2020-01-28,-0.0041680179961683175,0.02680777009741286,-0.026835630396095957,-0.0009701675283362154,0.010424725514898888,0.045436017158982246,0.013422985965499316,0.004531149900996922
2020-01-29,-0.02252822526109029,0.0,0.019241479020969628,-0.01787715651575186,-0.0008261648261987848,0.0036005449882132662,-0.008032185370014456,-0.01054353788740114
2020-01-30,0.0031987870399533946,-0.0383608627486823,-0.004514617206202328,0.0029606722744069582,0.0032401024186391883,0.011232759614051666,-0.007194268847012137,0.008008570394205074
2020-01-31,-0.026610609437265616,-0.027641133182314384,0.009009085979392817,-0.021666734028860053,-0.0183247321236399,-0.05039595029008803,-0.02189866434552886,-0.031678238104149645
2020-02-03,0.004363536450419721,-0.018081122742309837,-0.014943865350931443,0.009022418488846096,0.007401082718146522,0.04489757484629685,-0.03282060949871829,-0.01318555833990758
2020-02-04,0.020826652947123072,0.01877008094602531,-0.018018493728896644,0.010424478713239982,0.015126251163806037,0.06607516243462244,-0.004777858327833979,0.0035961505648685775
2020-02-05,0.02664966609357639,0.013227109377706834,0.0,0.03922101084469931,0.011481664374221217,0.011498265200953725,0.024599181380850797,0.036907198061084785
2020-02-06,0.001382939022800701,-0.00818931892584145,0.012400502235387544,0.0,0.003359361120681877,0.024083982015142887,0.0037313441273882603,-0.01024908499755659
2020-02-07,-0.02909916697092831,-0.036756836175260134,-0.016687643217400332,-0.005475915283336886,-0.005344036899390646,-0.012996936316564598,-0.015009648550555185,-0.007014981123579205
2020-02-10,-0.004993150582002186,-0.010002508057559261,0.01633549572924203,-0.033745095561362334,0.007437460961853515,0.035432880890932474,-0.01523837557190871,-0.005014410487540748
2020-02-11,0.007125295193037186,0.027618881434115325,0.0014079910761072407,0.01640767116219155,0.0017318080640883055,0.000721110308133678,0.007648213516381114,0.011109243515619574
2020-02-12,0.01094447094846819,0.025515739574105044,-0.01096381075662135,0.03155935780399199,0.006421978194273978,0.02886919993735905,0.029096413305094455,0.013352146239127588
2020-02-13,-0.019858713948485696,-0.019711790679145715,0.007087091235823451,-0.010647393245181184,-0.0010676015093401268,-0.003859994787835914,0.00277133961930161,-0.0030934953010533254
2020-02-14,-0.020261248461542467,-0.013986379754943571,-0.0003532150168706966,-0.010521626142696668,0.0016009258300796467,0.006745296604590539,0.010096428755927084,-0.005299411284581764
2020-02-18,0.027043346850525063,0.00748368424999899,0.0319805823104791,-0.000961566661671017,-0.0025801589709375035,0.0017443467249490768,0.0,-0.008278964369965105
2020-02-19,0.012725516703602372,0.009738120614694716,0.01763351479925323,0.022600863436310587,0.004769676397042035,0.028524464520817087,0.02078705617973347,0.013213820891343006
2020-02-20,0.0038559441136841125,-0.00796818253096084,0.0,0.010762983367354005,-0.004117044279772283,-0.028873076625886656,0.008904727373611657,-0.001094641784954494
2020-02-21,-0.006317951586661955,-0.019242818276824027,0.0298034752900507,-0.019979278875599905,-0.01035125515698827,-0.05889322950822284,-0.01069527911673112,-0.01193441515860217
2020-02-24,-0.05985457853419602,-0.09901099475180805,0.012966144593757013,-0.06472853905520953,-0.033727950046104085,-0.12241749928008928,-0.03836087551085429,-0.04727688012235793
2020-02-25,-0.04785612670158883,-0.052185693362893505,-0.03540188889255045,-0.08701159834570282,-0.0307705127884892,-0.08435437067417154,-0.03216929830201556,-0.04515588233048757
2020-02-26,-0.042866227014539675,-0.07832356700935625,-0.0033422658116051083,-0.05597253083988711,-0.0036850680190430546,0.013665565746175423,-0.02039896341217621,-0.030651430692352166
2020-02-27,0.02585992745475192,-0.03970359701267816,-0.059307233261370024,-0.07302964583106723,-0.04595168824969581,-0.161958260553919,-0.04106734931220223,-0.05496138968591311
2020-02-28,-0.0060014259232719705,0.049313269236976855,-0.07102491247115676,0.02881674424074709,-0.004210363447313435,0.015443391537208183,-0.03432473542109871,-0.000883499897585557
2020-03-02,0.023791973095098354,-0.012026588961557828,0.03999784159478864,0.006393920207661573,0.04239521367455975,0.12794761140240804,0.04853820766563553,0.03962874212575485
2020-03-03,-0.020986724499714296,-0.037914850334085586,0.04967980942427151,0.0012131835350315833,-0.02905028765665113,-0.09889345677525467,-0.0030287486389522795,-0.03105018302591572
2020-03-04,0.0055866462080719275,0.019599282958813753,0.01556841909785611,-0.0018203276796738173,0.041173352636315816,0.11453978622355801,-0.003038046553959492,0.0233777120530656
2020-03-05,-0.03194137584623505,-0.15245765133055122,0.023410882148043138,-0.04503184959645847,-0.03380689197475773,-0.09183995360259678,-0.025681946538163754,-0.0372716517021707
2020-03-06,-0.16198736284725412,-0.026173833327289706,-0.013844596837775846,-0.15871423502448384,-0.016669169500547438,-0.053834110018711384,-0.09603886984081954,-0.05782452299321539
2020-03-09,-0.7735923485952112,-0.22222315696042078,-0.07408189434560301,-0.7342567965571484,-0.08131237150394059,-0.2270882113631655,-0.29189094440262797,-0.224910117070732
2020-03-10,0.12207835213259556,0.09973298156073149,0.006569384455616654,0.13652447100648626,0.05045043240238366,0.144656715415477,0.104746801770931,0.04634589110673935
2020-03-11,-0.2684065083255023,-0.0992730842412889,-0.08816939674697881,-0.19495347918828088,-0.049976558299786616,-0.13765849186959545,-0.042319392020375254,-0.05433314664255496
2020-03-12,-0.061230889070787324,-0.37356558646875004,-0.1206180212922764,0.007598438587560406,-0.10056902946746626,-0.3203204039897228,-0.0593646231274991,-0.1332343398558659
2020-03-13,0.03917109989939804,0.16071365428954573,-0.1605957934344336,0.1817606662413813,0.08202812836679042,0.23892537809650424,0.06224232019097832,0.08828307112521705
2020-03-16,-0.39070437434781075,-0.1877972657659508,0.16863166489761533,-0.17088647380888247,-0.11588642071926598,-0.4225884309071651,-0.14012117625804185,-0.14626015384017993
2020-03-17,-0.2023002485994114,-0.13657551736356932,0.12560775932520085,-0.05823585297511023,0.052584959493745885,0.15096243282992367,-0.05783927322052366,0.006808928941250757
2020-03-18,-0.004494216788445723,-0.3123746171999485,-0.2590755733159422,-0.07410791023889164,-0.05195964056766805,-0.09713526803281097,-0.19253111422117827,-0.15498429491351878
2020-03-19,0.10873311699889693,0.07257060629833438,0.07769475820625228,0.028091932826748312,0.00212261036611379,0.02288527006435215,0.1311399710821438,0.06576281459890417
2020-03-20,-0.02454107070381815,0.18232160469809003,-0.03443658023476869,-0.05699539289767015,-0.04405024531774133,-0.12455005232576209,-0.08346254442669526,0.009714314905470645
2020-03-23,-0.11390860889822456,0.0,0.06499443626930065,-0.054230368907406706,-0.025900842971761363,0.0030928768750402725,-0.012220099466856578,-0.07059254382846722
2020-03-24,0.25825078018594344,0.13102825540287563,0.13700233504739748,0.10101682297806261,0.08673105498644483,0.20123224434092937,0.020284651550515558,0.14874196129704753
2020-03-25,0.054066965364584066,0.12812573728518176,0.04509123080394945,0.11279529232149882,0.014859108780465405,-0.023459509282704686,0.019881351705318302,0.04608792578570501
2020-03-26,-0.022318360076937736,0.13626071101691603,-0.017638391429479115,0.06687966157156545,0.05674867117888103,0.15088848383773487,-0.050464794703263996,0.05930933542688103
2020-03-27,-0.1698991863275983,-0.21239897755630957,-0.058957757977718114,-0.0999195298445806,-0.03023828992086496,-0.10968119118173993,-0.07745809018014796,-0.07019261999948927
2020-03-30,-0.16761522478890714,-0.11847720501109282,-0.01822000380778145,-0.05306277666396812,0.03195965256246603,0.09993308254407919,-0.05518636412120036,0.010184491622257158
2020-03-31,0.016888205942460228,0.02849634755764405,-0.037901113128390035,0.050475451967505316,-0.015017613541731508,-0.028147585735768664,-0.004739340811956353,0.015257047308939285
2020-04-01,-0.03902933533846135,-0.40318979699905483,0.042071195882438114,-0.07530422845538652,-0.046049081596731656,-0.1324525252167786,0.039586093761089285,-0.050822763283162486
2020-04-02,0.15415066998901514,-0.09906728427968511,0.04117158233969148,0.1731236524692884,0.022813344857911,0.05750464426939686,0.15415067982725836,0.08764506985100405
2020-04-03,0.13725595080975891,0.06320455042333815,-0.003600774622170023,0.017850639155529844,-0.014559680929800436,-0.04110496554465054,0.14375293673196893,-0.010670555353564272
2020-04-06,0.0871662815823076,0.18447861991636968,0.054214932058266094,0.03328593584096189,0.06500677858148941,0.1900708704315618,-0.0738472626351578,0.05161177531270234
2020-04-07,0.10501949572132761,0.10143510757585139,-0.009536643963584876,0.029327599392133384,0.001018690944467261,-0.0019512567168740438,-0.0738272439000818,0.021106416393227245
2020-04-08,0.1506388485875542,0.059270214964815944,0.004207379378331034,0.11714071229069914,0.0330172838286001,0.061910661246797435,0.05355002666920971,0.06457761509328619
2020-04-09,0.07862093305815031,0.03523518306212969,0.09981075830300033,-0.012936947355319363,0.015102746453722967,0.0036649439308142576,-0.07539799234303635,-0.009100456626276515
2020-04-13,0.021714029513757675,-0.07696110901960339,0.06129493518425216,-0.001954903170729779,-0.009172108805312846,0.03416376212379154,-0.010090941631732705,-0.0032490999595540583
2020-04-14,-0.036456154809355504,0.08418130982095728,-0.0009751255606354093,-0.028450531036368895,0.02906645497778068,0.12199705826153169,-0.056323537841474744,-0.0047450705503577235
2020-04-15,-0.017478583119816572,-0.010446006062369282,-0.019705168160727825,-0.09055649445931549,-0.021477105447411986,-0.03373429931865363,-0.05061587008607436,-0.048106599841283626
2020-04-16,-0.058344481454084295,-0.043754384719860775,0.025218304822337795,-0.10936873885749888,0.00481290878868971,0.05218291712312022,-0.015927457323784706,-0.04367213138137779
2020-04-17,0.12532037720076114,0.05818926075808832,-0.03220792508250889,0.11083726762190307,0.026656475046333335,0.024729997736647694,-0.035009431228183584,0.10095196682453789
2020-04-20,-0.0011787172546426623,-0.027443173338687444,0.026369423734547034,-0.07937044499122593,-0.017774725985601602,-0.032904547144373235,-0.1157068167730092,-0.031720267986258856
2020-04-21,0.013509993874925779,-0.031590364945816886,-0.0058727224946708645,-0.020056808167790763,-0.03083345412783171,-0.1171831885780225,-0.2885713769998179,-0.017791859848382285
2020-04-22,0.09456722673191607,-0.017036166297118457,0.061855686807772196,0.0536406585751675,0.021951705067099998,0.08475978539053056,-0.1129017136383083,0.034973886884143816
2020-04-23,0.10854019536629278,0.04452645029028952,0.02760677793836773,0.0632415143745102,-7.188931042264545e-05,-0.006580549981459464,0.05049620755046064,0.03176735848238457
2020-04-24,0.017933307534199316,-0.021595577437527207,0.01514510700451727,-0.004335268282152124,0.013842238561410262,0.04717850257667687,-0.02687308396309075,0.002313457691347611
2020-04-27,-0.017933307534199316,0.08603134247286068,-0.004134601393300753,0.024321712096103898,0.014315743520934383,0.019320716270226804,-0.1600043029750905,0.021432522784062023
2020-04-28,0.016060631742037968,0.10797651709311697,0.0005917918271741159,0.0696051869412571,-0.004609080097162854,-0.05560858101662742,-0.027779536507009785,0.022642479285589736
2020-04-29,0.20135202730106466,0.14342350510326787,0.006485794297456422,0.10086789090552944,0.025841350603434104,0.09895261437719817,0.05480818276686606,0.07145884714159209
2020-04-30,0.002296316467289979,-0.048490660363069524,-0.05341457018615593,-0.010784886327944209,-0.009353915570290269,0.006614816314193003,0.060363193620049715,-0.022379048841659623
2020-05-01,-0.1480530900809715,-0.13227426269168677,0.03142899957422309,-0.08547933528193428,-0.026829975979051304,-0.09400683386923585,-0.013691641948678532,-0.058242692373976536
2020-05-04,0.06686312979582495,0.029008046372545466,0.02080935539772343,0.018206014063236187,0.002754188336705754,0.0346625750518886,0.042051326712127586,0.034003704311251125
2020-05-05,-0.023491492290458743,-0.09120425019666471,0.023263681220411298,-0.012970243808055561,0.009196874030706377,0.03143946683906036,0.08942331764069278,0.0008087444340810238
2020-05-06,-0.014536131116402494,-0.02084214036151427,-0.03183233591018743,-0.13390455833336212,-0.006801945416309263,0.01955720617473173,-0.031163987379635834,-0.02647892112224365
2020-05-07,0.022989248050093933,0.05390296334867024,0.038707123928297234,0.035194403851844795,0.01199455106604748,0.0382807499162252,-0.01839360041151441,0.02567017668816271
2020-05-08,0.04686453583955972,0.049036511437579054,-0.004864656437282723,0.07893370050011109,0.016411123209164612,0.039547096059120136,0.04769621377985724,0.04455713593188469
2020-05-11,-0.03431711791515553,-0.025660678806656474,-0.028220205625355346,0.0006654000597041976,0.0002050090939636034,0.02456545316809824,-0.014071491158418683,-0.017690379102594442
2020-05-12,-0.02015180376031005,-0.048826277966594486,-0.0014765190056332193,-0.03039755507337475,-0.020132808822533068,-0.06133455334560313,-0.00949227658099905,-0.01774139694361806
2020-05-13,-0.09420818583570112,-0.0731169843798718,0.007067227092329723,-0.08141534552712804,-0.0178445595511043,-0.03860494130393852,-0.017801717856162382,-0.046481964499198475
2020-05-14,-0.03509152193828684,0.000815288154049538,0.031198337929240812,0.02353067640521188,0.01189648112293749,0.032622535773675715,0.04043358662881521,0.011132846273614926
2020-05-15,0.02384502829042181,0.04072417941220832,0.039319331562141846,0.004350912983799692,0.004586650628150112,0.01701851009363357,0.04288972240835763,-0.003882139901919849
2020-05-18,0.11642081316343328,0.14132570152944032,-0.017655855175665272,0.0865890983691022,0.030004935882877736,0.05628161752801118,0.08227336300873679,0.07852364560557648
2020-05-19,-0.04811956667201053,-0.04232339582467358,0.03500516090296965,-0.04756337380313662,-0.01032452390730387,-0.0076808693861579675,0.005333389795786328,-0.02839839283184816
2020-05-20,0.050633112177780826,0.0028308548654654283,-0.01625630749521198,0.042240649170864085,0.016845515368738045,0.05689716156139746,0.036163024759435454,0.03912928550261018
2020-05-21,0.008333268844140344,0.03130696653706127,-0.026291719373826503,-0.050626374349261975,-0.006927575889598481,-0.031223231737788557,0.04852704921400598,-0.01613970808495314
2020-05-22,0.009909150539997939,-0.009635366169555784,-0.0030895640771253304,-0.008456784209742621,0.0018971392636632225,0.00900285382391952,-0.03949145276044047,-0.0062175843394182
2020-05-26,0.043415374499955174,0.11855124591605425,-0.042229384272523145,0.01892815747053951,0.012245164842720844,-0.004174494072578888,0.003513575872782988,0.02742699980444799
2020-05-27,-0.010280921904738664,0.057294832566141055,-0.010916179011348354,0.001387949011365899,0.014769394834674444,0.013972119394487564,-0.026057528372762276,0.012812687046236265
2020-05-28,-0.05809418506197532,-0.07902813098736329,0.008566122827633093,-0.05560956451861413,-0.001846746787761133,-0.006395427642423421,0.0011993080083826145,-0.028356458622325227
2020-05-29,-0.09539428124630399,-0.011998957353659209,0.009367687874263508,-0.05191087879573141,0.004446059201285925,0.040434425943707865,0.03339530432824129,-0.004633158931902843
2020-06-01,0.0835298191890271,0.06517362747799736,0.030418423250547704,0.06429714819961585,0.004033448442154415,0.012248031260126906,0.013052014942875778,0.017391690318741396
2020-06-02,0.04174246051345111,0.004158090604136525,-0.03714257283410312,0.06585031899666544,0.008246271058515477,0.019734756579179873,0.031903640204930514,0.027508579086974554
2020-06-03,0.02423366991860205,0.022275275562461703,-0.03766133060175512,0.04636564130242285,0.01322063927720438,0.013482465934853268,0.0018454016647477243,0.028931098136803748
2020-06-04,0.03682356103339709,0.06887681363772659,0.008492649026189127,0.006451811733226783,-0.002630330863090144,-0.020527907729212858,0.013914510655146888,0.0002397130596636474
2020-06-05,0.21200482831299503,0.1518289613763601,-0.019826950214091015,0.2904115342992141,0.025306602949153708,0.0575839313883039,0.04861701807171153,0.07164083253829537
2020-06-08,0.09830400358005308,0.14675137265531527,0.009810010147742302,0.16011095509800402,0.012014723612570223,0.02200556727943455,-0.017470744341757487,0.04406391975971294
2020-06-09,-0.07008109737961836,-0.07803745748865143,0.008505549226665786,-0.05129318938344332,-0.007484360590760148,0.022063967025920138,0.0017608469509909793,-0.03828228015583348
2020-06-10,-0.10852476023220461,-0.11242637573935192,0.043504465127403975,-0.11026224916512516,-0.005595589929801033,0.03545106278454049,0.00035181104372475716,-0.05047675555002433
2020-06-11,-0.14798868573819063,-0.1660390805204569,-0.050485723313910394,-0.17598297071982813,-0.05937758130929477,-0.15926679521482598,-0.07559720360842939,-0.09895489608579709
2020-06-12,0.07382883043384594,0.13596534495118934,-0.005804255093107546,0.06130032056535374,0.011904697873328433,0.02145486248813064,0.00265200737399923,0.024918856296504047
2020-06-15,0.02226283303145312,-0.02739899017214329,0.0263052057781659,0.02929670138144224,0.009292211641490723,0.034652060853531,0.020596093650066358,0.00300867253929314
2020-06-16,0.03420941065145957,0.04918200385706259,-0.026305205778165877,0.06306085894924647,0.019064846961383282,0.051504083495849874,0.02416814300445346,0.02838667062723244
2020-06-17,-0.0477954057186167,-0.0673501183718314,0.006413158892076929,-0.06358582474592335,-0.004162520366026056,0.00968983706100506,-0.013110118671734063,-0.03466561184592757
2020-06-18,0.02348007676372992,-0.014244562301600417,-0.012867838731016896,0.03255229386169688,0.00038491033041786,0.007685100731779892,0.02211432160960262,0.012270282405763224
2020-06-19,-0.017021757884168473,-0.054037717871415376,0.03395300038166808,0.0020314893911113864,-0.005731061024672388,-0.0013831406960645313,0.012117046294740684,-0.01529817736042118
2020-06-22,0.021232172320089466,-0.034230341104649585,0.03858984327689043,0.01009610182730955,0.006394747002861663,0.03494459842465357,0.026220695046794307,0.004622282169506925
2020-06-23,-0.01055961936475849,0.04371968282812421,0.014237214839623591,-0.006045052395113625,0.004592946468335985,0.025780290614301427,-0.009012200824934898,0.0010184664693682298
2020-06-24,-0.0779805277255112,-0.11778300904297513,-0.017972144571433434,-0.09480521677228716,-0.02583976668459032,-0.06072488903895501,-0.05254019916250034,-0.05708363858233341
2020-06-25,0.04415229088473955,0.0,0.0063128916280330545,0.029559133541791734,0.010663428406548468,0.026166560751821655,0.02500585183400836,0.018951773575990875
2020-06-26,-0.030474233508812607,-0.013845450840428363,0.006557362128450873,-0.046931499833623755,-0.024038011486524125,-0.07459472676688557,-0.020977257880740802,-0.03525215303660753
2020-06-29,0.006019549939052195,0.061444431067124876,0.010459463877391967,0.009564296464248681,0.01459051856941547,0.03146199374948511,0.0327190728355382,0.013331854522993888
2020-06-30,0.012672413325983145,-0.021687570726649334,0.031010228802317703,0.024337152077000275,0.01272823458272614,0.055912533714136146,-0.0074561322564461185,0.02271293141034637
2020-07-01,-0.0377403216915198,-0.003660709793338948,-0.0032767594580902643,-0.04985620661880339,0.00698041618968661,0.03511589235842355,0.01028198798787054,-0.024606643796865207
2020-07-02,0.019802630626882322,-0.029778957077600362,-0.010724888122655304,0.02102948115173635,0.005491882895050483,0.021035029359308743,0.014010723613876177,0.01104092091806817
2020-07-06,0.020157467025675148,-0.01714873110875105,0.018354098925652217,0.022247863680680994,0.015319209745052789,0.07090787659176338,0.007277768660642515,0.002941408003066394
2020-07-07,-0.0578107681761765,-0.06894716040504446,0.023871462267044303,-0.05832381032900763,-0.010367324833348318,-0.019856822882551896,-0.005887399479732302,-0.03229115498386141
2020-07-08,0.023220971574176685,0.050194581576646455,0.03207971841567494,0.007551590653211809,0.007619515049525303,0.03773350242064266,0.013455417128758659,-0.0008280590282161944
2020-07-09,-0.07876848597309817,-0.049508443136454694,-0.004372765323751751,-0.059612534526154275,-0.005708976831080878,0.02467537113153028,-0.026742363057853515,-0.05066877298367466
2020-07-10,0.05083806248108157,0.10288832944020501,-0.010105092547292005,0.026069806469716895,0.010158651935325117,0.02095435321562115,0.02158861119432621,0.03144015662356938
2020-07-13,-0.015061760536310262,-0.05599426376729054,-0.03363220483710666,-0.03346792763544489,-0.008696520530952021,-0.06377708026602158,-0.01842571441489613,-0.005360387483010868
2020-07-14,0.07610267761407359,-0.015831446206044847,0.03856796633278969,0.0316708596624002,0.012875560103236235,0.020978196818656782,0.013245197690692111,0.034476396669771585
2020-07-15,0.0226867807966388,0.15034404718676778,0.0020706638334597846,0.02953594852683706,0.009145304666336644,0.004934962978419082,0.014096907131679756,0.021361202107147818
2020-07-16,0.0036112875931548437,-0.1023141070495698,-0.015374565274567887,-0.009944630502460576,-0.003298577199254004,-0.021682008289012296,-0.004448290189300231,-0.00455841013105083
2020-07-17,-0.04271624180403843,-0.019840596750484496,0.031789712845309924,-0.043864056521048474,0.002894867055601318,0.004660214515847756,-0.002059714621304416,-0.014073278228305192
2020-07-20,0.023057952698898244,-0.03085245757861378,0.026855658951758607,-0.03691360939258771,0.008048886339073606,0.08169214769407031,0.0006870648619410016,-0.01676547911453364
2020-07-21,0.09313117754012003,0.012587068789216406,0.013039821084105563,0.10402101876212053,0.00212532421685712,-0.03249323412420868,0.020394944597425756,0.05866603606256606
2020-07-22,-0.026523265594292657,-0.0032970331040520413,0.020324841610040625,-0.02677686647515075,0.005675969648052425,0.01150988947501317,0.0010089352458998438,-0.012360520024668715
2020-07-23,-0.008304377883709524,-0.022713039617691885,-0.019103487124347725,-0.007699301189258166,-0.012003585624254923,-0.0815796286575047,-0.011494384614034665,-0.0018537734868689353
2020-07-24,-0.013291678832528747,0.0,0.02101796843435455,-0.004767712020447053,-0.006461181949713411,-0.030027174144207053,0.00101956462361535,-0.005582978011290712
2020-07-27,-0.03657611599673858,-0.07358836725054056,0.04693287437507436,-0.002391982492519178,0.007265851258198683,0.05232761935633514,0.00946588474451959,0.001065938603941627
2020-07-28,-0.027399117306139763,0.041316368373751446,-0.00640741352883251,-0.021180947364278026,-0.006362360930360573,-0.03831404704920462,-0.012527637474368542,-0.01719108494312656
2020-07-29,0.024472871066438067,0.02208506806615182,-0.00992047933296686,0.04074854523991284,0.0122232900952622,0.033481010265363355,0.007467764272562997,0.02064699232481051
2020-07-30,0.15947408984933706,-0.021387442144722844,-0.03539782789557611,-0.07686711272108117,-0.003574011501292759,0.016108583854177457,-0.021881194007124204,-0.04007012765029633
2020-07-31,-0.04209821818690557,-0.03260390926285435,0.030982673076780536,-0.001904222871015745,0.007871311151613115,0.05253728640727419,0.00482757453601252,-0.0047073494682186405
2020-08-03,0.023818579378372437,-0.06012939137148952,-0.009358836974478346,-0.03162561735249206,0.006927872957497077,0.036597873846256485,0.00924507384269192,0.0036017683361760262
2020-08-04,0.010126624492705424,0.04999173504352588,0.04459479551368455,0.03162561735249212,0.0038553230236686034,0.012918077157432796,0.014885272397619317,0.0240444430269115
2020-08-05,0.02241676541036471,0.02017363947489996,0.0011233826585234777,0.012626625174693332,0.006191325406478458,0.007940288852528567,0.014997743335538704,0.010474254632684215
2020-08-06,-0.040206599706492874,-0.01726666412452164,-0.0067597687134851505,-0.031222870863769802,0.006662797368969056,0.03756445802585672,-0.001655330197113822,-0.008047048393561095
2020-08-07,-0.0038535270366959343,0.03143118959270373,-0.0342678502148136,0.0,0.0007173150373065637,-0.03322404691119517,-0.01099461083339131,0.0013457434851288064
2020-08-10,0.046520057542226635,0.0823120864464028,-0.008222901018198456,0.0645386646463861,0.002984465289541333,-0.013557239079413731,0.010331685462308842,0.030461808685232735
2020-08-11,-0.043307507243131205,0.024313389423322524,-0.08206984089692064,-0.0834872271917162,-0.008288755530550158,-0.05842688553272005,-0.011337238977812377,-0.003397388628205901
2020-08-12,0.010210498401086803,-0.040637629544885166,0.004599054265463916,-0.01595765387160135,0.013846092976906619,0.07214160787421149,0.02451264771994957,0.009898597152241376
2020-08-13,-0.021174868486848724,0.0019730650003455686,0.03506491930085879,-0.021681207886150997,-0.001809413724986979,0.0069828905667639555,-0.005249350958782499,-0.01963149965670349
2020-08-14,0.012886774629114405,0.016292323789051773,-0.006915288986478647,0.002736049811360789,2.974989343095081e-05,-0.002897131814845427,-0.0023052766788014168,0.009471057528612424
2020-08-17,-0.018088360523211444,-0.05241660904058259,0.06267805256842218,-0.05114944063086543,0.003171599780667353,0.032478827934747566,0.014402885025869509,-0.005777254226554851
2020-08-18,-0.0058842632997916115,-0.018563689671621583,-0.007007675936200084,0.0028715027498991672,0.0021580155341343996,0.028952719360758824,-0.00554018278623182,-0.012722309803876198
2020-08-19,0.005884263299791688,0.013099201994201523,-0.039445771665937164,-0.009362691294792629,-0.004172600689990161,-0.019734680881212774,0.0019588470422280506,-0.011535766286085483
2020-08-20,-0.039898904498750824,-0.004118117356749078,0.023139231136856283,-0.03086211598019692,0.003108694235991341,0.040316264566861035,-0.004576647051828205,-0.021822907690545953
2020-08-21,-0.03310640591940679,0.007536821752973162,-0.026069610430305826,-0.018072937858470157,0.003541346891160876,0.02066208526761597,-0.011202757963508184,-0.0063634981614540675
2020-08-24,0.013927799178958799,0.09686031076581617,-0.005886747561930833,0.03435738522923744,0.01008196729825301,0.018369621377194695,0.005617066622968404,0.02710662243419897
2020-08-25,0.013054161497231717,-0.01561057410641474,-0.0017234696308791916,-0.008109076148366907,0.003493225383402205,0.023074882236125274,0.018606696112157768,-0.014146147375060777
2020-08-26,-0.039685038215973294,-0.03914524151829138,0.024824815243396248,-0.04156231418272123,0.009975532732009922,0.06205316209628632,0.00032337037695400747,-0.021321845421841835
2020-08-27,0.03626600578153497,0.05351606956393442,-0.0228553924033443,0.006153632868097018,0.002184409563908775,-0.009101324131862293,-0.008441615949901997,0.0019573175001967856
2020-08-28,0.03035660893884168,0.06542970682532039,0.03147203145561665,0.006878211143281393,0.006438715034469639,0.015334764949508577,0.0016289053139935921,0.017719342936822875
2020-08-31,-0.016750807950858707,-0.04334306425778081,0.007360847664661285,-0.030152727023975697,-0.0036293492134363355,0.022879820294429216,-0.00456768792171001,-0.021917982092730815
2020-09-01,0.009414894263376125,0.001818818383622335,-0.014296239703004523,-0.020619610411307672,0.009374645997136728,0.05063023520248142,0.0009805748909147635,-0.006754934900898866
2020-09-02,-0.035425954537628215,0.01204095507045862,0.002157528536193657,-0.006430891902223207,0.014360366709540372,0.027828663014009526,-0.024806960345449342,-0.0048126245326202965
2020-09-03,-0.002082625988278083,0.050754576067289545,-0.011318620098843617,0.015206298639053489,-0.03502062111031535,-0.16671041499866682,-0.00739503271575696,-0.007405318963010685
2020-09-04,0.014487885274547073,0.05262927033086759,-0.010468742323490935,-0.027376754520616407,-0.008198005144109437,-0.04209756296056442,-0.03886986888302259,-0.0031497056450280857
2020-09-08,-0.11299975247226299,-0.013036561272192432,-0.006876228371184552,-0.1021908670577045,-0.027703072313184668,-0.15238719271870188,-0.06372043761068975,-0.037100627311009306
2020-09-09,0.008400150001259401,-0.03505241132434263,0.04245692236296507,0.0009036591479739072,0.01955488752840839,0.08243062445789413,0.024373431405809515,0.00682200904931939
2020-09-10,-0.09068206991527047,0.012380614135576014,-0.01811315247952402,-0.08283191530020706,-0.01751621994581632,-0.05958870787940972,-0.022879187017088607,-0.03734249203120016
2020-09-11,-0.010042090010606545,-0.010683221832428265,-0.010152084016446307,0.0029397381248876986,0.0005090921619057485,-0.022102166565298554,0.00928856730228622,0.0009200662572617928
2020-09-14,0.0033583958880767525,0.009003989131017066,0.03883726098174769,-0.003925457515331063,0.013085173140776722,0.050232878323251594,-0.003705094226839781,0.007634812750712245
2020-09-15,0.0008380011407963488,-0.11379935903339958,0.0,0.05173589361262307,0.005039666003332812,0.041628028205770336,0.021300838892814363,-0.007328336262927289
2020-09-16,0.045834569129839756,0.03272894431718624,0.0014011066214428063,0.083269240090235,-0.003976714349603164,-0.04923628590313676,0.041984119649834124,0.039362395091553704
2020-09-17,-0.006420496246398112,-0.013455786538368528,-0.017657703760114718,0.018724078013939095,-0.008834147008459655,-0.04715381930243859,0.018298414113574888,0.0014717867106722607
2020-09-18,0.018349066066203235,-0.0589710846805231,-0.01773352007085916,-0.01786531073560093,-0.011579259064572002,-0.03939233119030008,-0.005832923698026444,-0.011242561402693784
2020-09-21,-0.0436256173207164,-0.06894626471671804,-0.037442946534853645,-0.03138891278754424,-0.011192128811229775,0.011777774694236435,-0.026854222088679443,-0.03370760253284308
2020-09-22,0.010677826214808941,0.0083624082989455,0.004508063317797685,-0.018775346018637052,0.01013338629108965,0.05320059196182886,-0.004250833079078748,-0.010375943181038223
2020-09-23,-0.0977642042954647,-0.0196221902585182,-0.061577734429437925,-0.06237515037762349,-0.02346470877000608,-0.09717038276283642,-0.004982194923117625,-0.046249350910170434
2020-09-24,-0.018182113219761823,-0.027988911086597228,0.027779466859081003,0.021853967058261,0.0026621509723078313,0.014523046620150809,0.01662869760110103,-0.00033077514352098053
2020-09-25,-0.10129173849079683,0.09239471659012594,-0.0070028972951648345,-0.04027401516500324,0.016037429316115473,0.0677336334014523,-0.005277043645121539,-0.0006625749984803813
2020-09-28,0.041755761918779,0.015800241172761978,0.011644644986010953,0.011673192507848889,0.016472908905017947,0.05759390505778474,0.011921604978555397,0.023252995635158955
2020-09-29,-0.0737335468042931,-0.01580024117276206,0.012781318007866927,-0.03443516300203793,-0.005460676737624954,-0.010539415350208003,-0.03511620787180555,-0.027902731843882485
2020-09-30,-0.0073647863760701,0.007272782363679138,-0.005348292838055992,0.0020000691178428333,0.007553120578275485,0.019594854006863196,0.021075976939467358,-0.003000545596645555
2020-10-01,-0.01703962690436935,-0.009930588107069205,0.010415468289023956,-0.033522706982420394,0.006399558708374548,0.04576605437603328,-0.0279588344192667,-0.031199217712017502
2020-10-02,0.04515192852746899,0.008612197935844175,-0.015279211844669042,0.01943778989502954,-0.009539622769014504,-0.08606298462845202,-0.043081293792032856,0.00959888135479011
2020-10-05,0.010214928725297726,-0.013280391614909801,0.015279211844669056,0.06282759373338033,0.017577527733132935,0.061162666969409814,0.05823310141913589,0.029581999207725102
2020-10-06,-0.04362093208607682,0.015257294100252037,-0.037594599705765404,-0.03682614643895519,-0.014317865150862766,-0.0552151137218102,0.01633555810252083,-0.0150176249391321
2020-10-07,0.01579811540956206,0.0513262117765533,0.006277758374101688,0.014698951003936544,0.017256765716699603,0.05124175241033062,0.0,0.014023307016123766
2020-10-08,0.057854765781661724,-0.024051763875886423,0.01603762948699464,0.08392607677638557,0.008823394102326082,0.014615223468715613,0.02607483083551165,0.036782050565196574
2020-10-09,-0.04745943479234585,0.005111826115185389,0.045399645950857694,-0.03273021942089512,0.008890679133286724,0.04352752614713573,-0.015563131213530512,-0.016108490561794888
2020-10-12,-0.037939371565567925,-0.031070422896344096,-0.002700937483328183,-0.0009245800408855352,0.015959385613808153,0.0891706815185585,-0.021847269106202636,0.0025948292647858494
2020-10-13,-0.018428980073715018,-0.0807552454254153,-0.010380726247754964,-0.02719312329229537,-0.006547308249662187,0.000129645260148234,0.013798180990953998,-0.015671328128599362
2020-10-14,0.00654326700731579,-0.004285715712889774,0.01748584108039931,-0.006676457789456165,-0.006303081271810429,-0.025005136383822714,0.018106360603898343,0.004268694469479185
2020-10-15,0.05908890164132239,0.0035727382257745893,-0.016244471892486137,0.015195015769142171,-0.0012364487354028769,-0.02088565373998882,-0.0013811814393901274,0.012050176903971926
2020-10-16,-0.04077937286661508,0.0042704638817050965,-0.011730986267097577,-0.0502521828626782,-0.0006046647640490703,-0.015455158033565624,-0.007631019385544711,-0.022921614590030472
2020-10-19,-0.03364347825835996,0.004959233445650602,-0.016964621584945168,-0.02712362727918623,-0.015320290610278446,-0.050966945771569225,-0.004536708600425911,-0.02142715808070882
2020-10-20,0.05893467438719021,0.03199156436619812,0.0076317205928108246,0.02513943127858171,0.003997643357596955,0.006433799784951679,0.015961445363616406,0.011774895896721297
2020-10-21,-0.05192503203632522,-0.00893779541902554,0.01158978100184922,-0.0415666355706506,-0.001894653662795269,-0.0025975677022092255,-0.03324886711980875,-0.019247660987269197
2020-10-22,0.03668156177210832,0.04786890551849392,-0.01845576617510276,0.051448278906663994,0.00547031653418023,0.0005055889340296315,0.014485321037570206,0.040426480534534216
2020-10-23,-0.017094166341196624,0.011129429385020092,-0.009486039900548358,-0.01485882017608451,0.003389369806181752,0.005832098077661995,-0.022345355162011003,-0.004923814146697937
2020-10-26,-0.08076150830682974,-0.09056882369092695,-0.015838159764396644,-0.05751101597733964,-0.01865288008691261,-0.04665710369902507,-0.02800686976623027,-0.036525994827109415
2020-10-27,-0.02483857155064173,-0.019432072973987042,0.01609591757457536,-0.02028850616395176,-0.003453003724579696,0.0233434540737474,0.0211686704454275,-0.013054000575796577
2020-10-28,-0.06942075105502322,-0.11216650751814315,-0.06133325825621928,-0.042982511553735545,-0.034776772289567257,-0.12482534227496789,-0.051122281716345544,-0.042740270340706404
2020-10-29,0.050073080883283716,0.05381038360675911,0.011705471851797397,0.027764196429036297,0.010112009313551497,0.04961461113148817,-0.027356708366868182,0.030213832765064425
2020-10-30,0.013341558480730839,0.054715824238266875,0.014508788599771623,0.0,-0.01047953190183053,-0.07209316286334608,-0.01376621066530904,0.005586586896289497
2020-11-02,0.06867175170323539,-0.011738931807945729,0.029954899361813638,0.05539219063219059,0.011146133146508214,0.00034051887775052867,0.03922072186926884,0.03355368611513292
2020-11-03,-0.018161893544346996,0.011738931807945765,0.018974937951704907,0.0041366530595946934,0.017501810684108686,0.04907801285546992,0.017365445379995976,-0.00574073765032467
2020-11-04,0.029347363782545422,-0.02735845507738799,-0.023125397118999563,0.012308061784658224,0.02210330483637038,0.12678246630186796,0.02658949934979182,0.0013536135883565046
2020-11-05,-0.0022269234373309323,0.061065475855497264,0.06904498999647725,0.06511148719152907,0.019314820146885688,0.07433737833429899,-0.010256525248040929,0.0
2020-11-06,-0.049124793254932506,-0.02571574040964326,0.004840006136202306,-0.04492919291159446,-0.00022828474303457819,0.0033744152018425045,-0.025733306773892798,-0.02188105654296051
2020-11-09,0.13250624288511648,0.3313942832334734,-0.06328359646711847,0.20030735314614884,0.012487334158099236,-0.06297224717758704,0.05868938920334429,0.13344489931190348
2020-11-10,0.024317483703747284,-0.14030759113244698,-0.03454045088313055,0.012190159322773363,-0.0014678382105280778,-0.05546333822053639,0.02948617124838723,0.03185263056692968
2020-11-11,-0.00401214389266792,-0.03157525979991741,-0.010975805006162938,-0.03954380624139951,0.007401233515717644,0.0650542946730396,0.004486670732795403,-0.01030778448373603
2020-11-12,-0.025446928182868242,-0.08225563045282869,0.009110416029213248,-0.05085101872849613,-0.009748316366515852,-0.014739229202750743,-0.013171804407064313,-0.03279967260738525
2020-11-13,0.06195814862717263,0.06984095505876506,0.013774968066318461,0.0424119452858028,0.013749847426596348,0.025893827886734413,-0.018665824408295097,0.035755611711578116
2020-11-16,0.07645838265571431,0.09297937532662107,-0.006598974797078837,0.07350259442836525,0.0124048544195056,0.022751468216235568,0.02388593789154698,0.06374479566561173
2020-11-17,0.026573655538366495,0.026952749952836776,-0.021955322368749506,0.02257798078381751,-0.005392721857571176,-0.009269512584872002,0.002080492185030933,0.010194291116659418
2020-11-18,-0.035590484165355686,-0.02581514926485112,-0.03078857335528342,-0.009280970792106904,-0.012107733113419028,-0.023452922718550283,0.00449280724223684,-0.02948729125116309
2020-11-19,0.027692473764965492,0.033541500494971975,-0.008410520565453017,0.037366194849964916,0.0042011980833311325,0.02447195908492381,0.0030986477660088128,0.016242174589922404
2020-11-20,0.007898010400390154,-0.04612740900214625,0.010641476315598392,0.009683607793936493,-0.006871164229096015,-0.020513355206470147,0.006168638590657919,-0.005291511729017681
2020-11-23,0.11700575557193037,0.045577479552378786,-0.04384426351454109,0.15552620426423897,0.0059766958678854915,0.00020803628086260584,0.008504898896030278,0.06826621131889735
2020-11-24,0.08778872824938348,0.10684455800176523,-0.027738615859193103,0.0627127789590406,0.01598524765495326,0.040073374512325476,0.042446649969595976,0.050106190906526384
2020-11-25,0.005681901114206477,0.020548597268406226,0.018381884221570093,-0.0035822163825261146,-0.0015432572279018423,0.01866627421906775,0.018337383746557693,-0.023595834752200468
2020-11-27,-0.014265550314258243,0.04405170242795432,0.005566080127411033,-0.009615485323155855,0.0027811158736183003,0.02694849937665549,-0.004793155861809152,-0.011752515328718675
2020-11-30,-0.0768748783886312,-0.07703518652069866,0.01306076418057282,-0.04951507725335868,-0.004436838396433619,0.005139009913944439,-0.008039921279715477,-0.05684123791475482
2020-12-01,-0.04117755257642991,0.008472528832084759,0.036244050309086145,-0.040795183610445915,0.010877948138901108,0.03854630711997206,-0.011365554176248288,0.00461418027023695
2020-12-02,0.05810104419889815,0.04890828336369978,0.000277912367974761,0.04901023402797699,0.0021015091004834446,0.004010872313177301,0.011365554176248335,0.03197699810968238
2020-12-03,0.046936003481248136,0.07815055477205685,-0.012870837584107144,0.03098140781362623,-0.00027268781094215937,0.004054964453749203,0.009000404368610592,0.010435838836291941
2020-12-04,0.0996674516545416,0.024607402022216503,-0.005648048941532922,0.12595227262074773,0.008580777538097746,0.012186699221211355,0.00987110287328503,0.053069674082262173
2020-12-07,-0.03827253059218956,-0.010718223440336596,0.03314612070712674,-0.021751564194793155,-0.002057061616426501,0.016804261675648857,-0.005082598290205386,-0.023659503907023757
2020-12-08,0.010214593103871693,0.015822357855027315,-0.004118189651360824,0.05038567074103159,0.002921933154134651,0.00911175738172839,0.00031842792712507797,0.014759442619035598
2020-12-09,0.017462051080450614,-0.038050373226285836,-0.026482401246368838,0.014022545361314738,-0.009009348464750919,-0.06932937240589472,-0.0022310668959501833,0.002232568074905159
2020-12-10,0.09397761410443825,-0.01644116279207695,-0.004530018412856529,0.09441904190989533,-0.0003270733223886288,0.012201625659510842,0.024272285312903,0.030260593518855666
2020-12-11,-0.024541196639441057,-0.04583757171778994,-0.004550632899092617,-0.019905835303624452,-0.001173295333897135,-0.007042553589840435,-0.005308367602050232,-0.011605109330070766
2020-12-14,-0.05031298338734721,-0.01846201818064222,-0.02277730027289285,-0.08592400390348572,-0.004487199368177681,0.02110239247952505,0.007175124825333615,-0.035647494882725526
2020-12-15,0.037183734053625656,0.02826383011268517,0.03101008395005946,0.03435336975937037,0.013428824498888362,0.03060590688613029,0.011435845593483459,0.019466168804200334
2020-12-16,-0.005680151331129796,0.0106260751915209,0.01848787703808901,-0.019853125526899586,0.0015680919903260278,0.016639445748775537,0.006127493283200724,-0.004954916830254635
2020-12-17,-0.003169621363209674,-0.00599228534867559,0.034373529499854824,-0.01397888102321318,0.0055764725973665085,0.020289568892019966,0.012746702455993283,-0.00473062704166983
2020-12-18,-0.027028516549958283,-0.007890516137353405,-0.01922362245354022,-0.03501681254340291,-0.004000917563719457,-0.010953318776070252,0.009603906282995112,-0.01686225771823126
2020-12-21,-0.031811913680511096,-0.018815209297744336,-0.0010999685844729776,-0.05836617783037449,-0.003581866912876184,-0.0037355990344044294,-0.025409720552114774,-0.019478478713697775
2020-12-22,-0.05040759685396788,-0.061188598412578434,-0.029594503759868704,-0.031988686357709246,-0.0016867874246706052,0.007856995108142428,-0.016994051519646024,-0.01692733064107559
2020-12-23,0.04568256283603934,0.05547439517418319,0.017694583169479944,0.055745648260297376,0.0008981833258956799,-0.015196112469550476,0.0203585022044973,0.021897966217280827
2020-12-24,-0.02396529085604758,-0.004787028602697418,0.003057702681457933,-0.012374057932909095,0.0038828619193870552,0.01290830180473629,0.005177358106261292,-0.00523286365394632
2020-12-28,-0.015363593108644935,0.04089869703928202,-0.00948134954966465,-0.0153976021554702,0.008553967748882145,0.029561869036850142,-0.010074822656005691,-0.006316077323975868
2020-12-29,-0.004231193703201545,-0.01298107028617455,0.001399919534938556,-0.00923810292766083,-0.0019095887298258122,0.0029419682088959818,0.005813038544900802,-0.006621376377033585
2020-12-30,0.029250128186293755,0.01665931915875804,0.02268433260127468,0.038126762039492154,0.0014258979940911024,-0.00016620719550974726,0.003958022242310707,0.015557187811980533
2020-12-31,-0.026427421563311387,-0.005983922242985192,-0.014880386347442914,-0.03407464533545093,0.005067952312818053,0.007785888838033686,0.00303393669915042,-0.008407615996926835
